,team,position,height,age,appearance,assists,yellow cards,second yellow cards,red cards,goals conceded,clean sheets,minutes played,days_injured,games_injured,award,current_value,highest_value
2,Manchester United,Goalkeeper,188.0,37.0,4,0.0,0.0,0.0,0.0,0.616438356,0.924657534,292,697,84,4,600000,6000000
56,Leicester City,Goalkeeper,189.0,33.0,31,0.0,0.064516129,0.0,0.0,1.483870968,0.161290323,2790,89,14,0,600000,3500000
83,Aston Villa,Goalkeeper,183.0,30.0,8,0.0,0.0,0.0,0.0,0.698757764,0.698757764,644,718,84,1,600000,2000000
84,Aston Villa,Goalkeeper,190.0,21.0,17,0.0,0.0,0.0,0.0,1.470588235,0.352941176,1530,42,10,0,400000,400000
106,Wolverhampton Wanderers,Goalkeeper,190.0,21.0,60,0.0,0.049180328,0.0,0.0,1.213114754,0.245901639,5490,9,2,1,200000,200000
134,Southampton FC,Goalkeeper,186.0,41.0,5,0.0,0.1875,0.0,0.0,1.5,0.0,480,296,32,9,200000,5000000
164,Brighton &amp; Hove Albion,Goalkeeper,185.0,23.0,23,0.0,0.0,0.0,0.0,1.391304348,0.086956522,2070,0,0,0,200000,200000
189,Everton FC,Goalkeeper,193.0,39.0,0,0.0,0.0,0.0,0.0,0.0,0.0,0,255,32,3,200000,700000
214,Nottingham Forest,Goalkeeper,198.0,36.0,12,0.0,0.0,0.0,0.0,1.818181818,0.363636364,990,370,50,2,500000,5500000
273,Crystal Palace,Goalkeeper,179.0,19.0,36,0.0,0.055045872,0.0,0.0,1.76146789,0.110091743,3270,0,0,0,250000,250000
322,AFC Bournemouth,Goalkeeper,187.0,36.0,0,0.0,0.0,0.0,0.0,0.0,0.0,0,103,18,1,500000,4500000
349,Brentford FC,Goalkeeper,183.0,20.0,0,0.0,0.0,0.0,0.0,0.0,0.0,0,0,0,0,500000,500000
405,Newcastle United,Goalkeeper,191.0,31.0,3,0.0,0.0,0.0,0.0,2.333333333,0.0,270,268,50,0,300000,500000
433,Manchester City,Goalkeeper,188.0,37.0,1,0.0,0.0,0.0,0.0,0.0,5.294117647,17,91,23,9,250000,6000000
480,Tottenham Hotspur,Goalkeeper,188.0,24.0,2,0.0,0.5,0.0,0.0,1.5,0.5,180,0,0,0,500000,1000000
481,Tottenham Hotspur,Goalkeeper,188.0,24.0,1,0.0,0.0,0.0,0.0,0.0,1.0,90,0,0,0,300000,300000
536,Borussia Mönchengladbach,Goalkeeper,184.0,21.0,32,0.0,0.125,0.0,0.0,1.40625,0.21875,2880,54,10,0,500000,500000
537,Borussia Mönchengladbach,Goalkeeper,183.0,35.0,8,0.0,0.133136095,0.0,0.0,1.99704142,0.133136095,676,220,26,2,400000,3000000
563,VfL Wolfsburg,Goalkeeper,194.0,35.0,8,0.0,0.0,0.0,0.0,2.25,0.125,720,125,20,4,400000,800000
564,VfL Wolfsburg,Goalkeeper,190.0,20.0,18,0.0,0.054545455,0.0,0.0,1.690909091,0.109090909,1650,0,0,0,200000,200000
565,VfL Wolfsburg,Goalkeeper,187.0,27.0,0,0.0,0.0,0.0,0.0,0.0,0.0,0,132,24,3,100000,100000
588,TSG 1899 Hoffenheim,Goalkeeper,191.0,38.0,3,0.0,0.0,0.0,0.0,1.8,0.0,300,285,30,5,300000,400000
589,TSG 1899 Hoffenheim,Goalkeeper,192.0,22.0,25,0.0,0.08,0.0,0.0,1.52,0.2,2250,65,6,0,300000,300000
590,TSG 1899 Hoffenheim,Goalkeeper,188.0,20.0,54,0.0,0.074968763,0.0,0.0,1.293211162,0.374843815,4802,0,0,0,250000,250000
620,1.FC Union Berlin,Goalkeeper,189.0,29.0,0,0.0,0.0,0.0,0.0,0.0,0.0,0,134,22,2,250000,800000
647,FC Augsburg,Goalkeeper,193.0,22.0,20,0.0,0.051933064,0.0,0.051933064,1.973456434,0.207732256,1733,372,15,0,300000,300000
648,FC Augsburg,Goalkeeper,195.0,24.0,10,0.0,0.0,0.0,0.0,0.8,0.5,900,58,11,2,150000,300000
679,VfB Stuttgart,Goalkeeper,200.0,22.0,33,0.0,0.03030303,0.0,0.0,1.242424242,0.303030303,2970,126,7,1,200000,200000
680,VfB Stuttgart,Goalkeeper,192.0,17.0,42,0.0,0.047936085,0.0,0.0,0.910785619,0.383488682,3755,5,1,1,0,0
709,1.FSV Mainz 05,Goalkeeper,191.0,21.0,45,0.0,0.044854224,0.0,0.0,0.986792923,0.448542238,4013,0,0,0,200000,200000
736,1.FC Köln,Goalkeeper,192.0,22.0,30,0.0,0.033333333,0.0,0.0,1.266666667,0.266666667,2700,22,4,0,100000,100000
737,1.FC Köln,Goalkeeper,196.0,26.0,1,0.0,0.0,0.0,0.0,2.0,0.0,90,0,0,0,25000,100000
769,Hertha BSC,Goalkeeper,193.0,20.0,26,0.0,0.038461538,0.0,0.0,0.769230769,0.5,2340,11,1,0,400000,400000
770,Hertha BSC,Goalkeeper,192.0,38.0,0,0.0,0.0,0.0,0.0,0.0,0.0,0,415,45,2,300000,2500000
797,FC Schalke 04,Goalkeeper,190.0,30.0,53,0.0,0.038626609,0.0,0.0,2.278969957,0.173819742,4660,251,35,4,900000,9000000
798,FC Schalke 04,Goalkeeper,197.0,34.0,20,0.0,0.0,0.0,0.0,1.237113402,0.360824742,1746,291,40,3,400000,13000000
799,FC Schalke 04,Goalkeeper,196.0,22.0,52,0.0,0.153846154,0.0,0.0,1.019230769,0.307692308,4680,143,19,0,225000,250000
800,FC Schalke 04,Goalkeeper,195.0,38.0,2,0.0,0.0,0.0,0.0,1.5,0.5,180,223,26,5,50000,750000
830,VfL Bochum,Goalkeeper,194.0,24.0,7,0.0,0.0,0.0,0.0,0.714285714,0.285714286,630,0,0,3,500000,900000
831,VfL Bochum,Goalkeeper,198.0,35.0,4,0.0,0.0,0.0,0.0,2.082262211,0.0,389,282,31,0,400000,2000000
832,VfL Bochum,Goalkeeper,193.0,22.0,0,0.0,0.0,0.0,0.0,0.0,0.0,0,365,44,1,100000,100000
858,SV Werder Bremen,Goalkeeper,187.0,27.0,14,0.0,0.146222583,0.0,0.0,1.608448416,0.292445167,1231,778,76,2,500000,800000
859,SV Werder Bremen,Goalkeeper,194.0,19.0,46,0.0,0.021582734,0.0,0.0,1.575539568,0.237410072,4170,0,0,0,300000,300000
860,SV Werder Bremen,Goalkeeper,196.0,24.0,8,0.0,0.0,0.0,0.0,2.00317965,0.143084261,629,247,23,0,200000,300000
861,SV Werder Bremen,Goalkeeper,190.0,19.0,41,0.0,0.024390244,0.0,0.0,1.414634146,0.341463415,3690,180,13,0,150000,150000
884,Eintracht Frankfurt,Goalkeeper,189.0,21.0,5,0.0,0.0,0.0,0.0,1.2,0.4,450,382,52,1,750000,750000
885,Eintracht Frankfurt,Goalkeeper,192.0,34.0,2,0.0,0.0,0.0,0.0,1.0,0.5,180,443,45,2,200000,750000
886,Eintracht Frankfurt,Goalkeeper,194.0,18.0,41,0.0,0.048780488,0.0,0.0,0.975609756,0.365853659,3690,46,8,0,200000,250000
916,SC Freiburg,Goalkeeper,192.0,29.0,6,0.0,0.0,0.0,0.0,1.578947368,0.315789474,570,20,4,3,500000,600000
943,Borussia Dortmund,Goalkeeper,185.0,22.0,28,0.0,0.035714286,0.0,0.0,1.357142857,0.178571429,2520,315,45,4,650000,1500000
976,Bayer 04 Leverkusen,Goalkeeper,186.0,29.0,0,0.0,0.0,0.0,0.0,0.0,0.0,0,65,10,1,250000,400000
1002,Bayern Munich,Goalkeeper,192.0,34.0,16,0.0,0.125,0.0,0.0,1.125,0.4375,1440,244,33,20,900000,6000000
1003,Bayern Munich,Goalkeeper,191.0,20.0,36,0.0,0.027777778,0.0,0.0,1.361111111,0.277777778,3240,129,10,1,300000,300000
1029,RB Leipzig,Goalkeeper,192.0,32.0,16,0.0,0.0,0.0,0.0,1.5625,0.1875,1440,303,42,6,600000,3000000
1030,RB Leipzig,Goalkeeper,190.0,19.0,37,0.0,0.02681764,0.0,0.02681764,1.555423123,0.2681764,3356,0,0,1,200000,200000
1031,RB Leipzig,Goalkeeper,195.0,17.0,27,0.0,0.0,0.0,0.0,1.333333333,0.259259259,2430,124,7,0,200000,200000
1032,RB Leipzig,Goalkeeper,187.0,19.0,0,0.0,0.0,0.0,0.0,0.0,0.0,0,0,0,0,0,0
1055,Real Sociedad,Goalkeeper,189.0,26.0,22,0.0,0.098146129,0.0,0.098146129,1.226826609,0.34351145,1834,0,0,0,300000,300000
1082,Villarreal CF,Goalkeeper,188.0,40.0,49,0.0,0.120805369,0.0,0.0,1.429530201,0.22147651,4470,204,36,9,700000,22000000
1132,Athletic Bilbao,Goalkeeper,188.0,24.0,10,0.0,0.0,0.0,0.0,1.3,0.4,900,0,0,0,100000,100000
1157,Valencia CF,Goalkeeper,187.0,35.0,14,0.0,0.0,0.0,0.0,1.827411168,0.228426396,1182,91,11,1,500000,4000000
1158,Valencia CF,Goalkeeper,188.0,25.0,3,0.0,0.0,0.0,0.0,2.0,0.0,270,0,0,0,200000,300000
1252,Girona FC,Goalkeeper,187.0,35.0,55,0.0,0.090361446,0.0,0.0,1.138554217,0.289156627,4980,54,7,0,300000,1000000
1253,Girona FC,Goalkeeper,195.0,22.0,24,0.0,0.04109589,0.0,0.0,1.356164384,0.246575342,2190,0,0,4,300000,300000
1277,Rayo Vallecano,Goalkeeper,195.0,22.0,16,0.0,0.0,0.0,0.0,1.408163265,0.367346939,1470,0,0,0,600000,600000
1278,Rayo Vallecano,Goalkeeper,196.0,41.0,43,0.0,0.071371927,0.0,0.0,1.403647898,0.285487708,3783,269,41,4,300000,16000000
1303,RCD Mallorca,Goalkeeper,189.0,22.0,7,0.0,0.0,0.0,0.0,1.0,0.428571429,630,0,0,0,300000,300000
1326,UD Almería,Goalkeeper,187.0,33.0,57,0.0,0.017496112,0.0,0.0,1.189735614,0.227449456,5144,72,9,2,300000,2500000
1327,UD Almería,Goalkeeper,188.0,25.0,4,0.0,0.214285714,0.0,0.0,1.071428571,0.0,420,0,0,0,200000,250000
1376,Cádiz CF,Goalkeeper,186.0,29.0,10,0.0,0.0,0.0,0.0,0.967741935,0.483870968,930,0,0,0,700000,800000
1405,Elche CF,Goalkeeper,191.0,27.0,5,0.0,0.0,0.0,0.0,1.3125,0.1875,480,0,0,2,800000,1500000
1432,RCD Espanyol Barcelona,Goalkeeper,191.0,22.0,8,0.0,0.0,0.0,0.0,1.462333826,0.132939439,677,182,0,1,400000,400000
1458,Getafe CF,Goalkeeper,190.0,36.0,18,0.0,0.163636364,0.0,0.0,1.2,0.272727273,1650,31,3,11,300000,7500000
1459,Getafe CF,Goalkeeper,188.0,24.0,1,0.0,0.0,0.0,0.0,0.0,18.0,5,0,0,0,300000,400000
1552,AS Roma,Goalkeeper,193.0,21.0,4,0.0,0.0,0.0,0.0,1.0,0.25,360,40,1,1,150000,150000
1580,SS Lazio,Goalkeeper,191.0,26.0,0,0.0,0.0,0.0,0.0,0.0,0.0,0,0,0,0,150000,200000
1605,ACF Fiorentina,Goalkeeper,192.0,36.0,39,0.0,0.0,0.0,0.0,1.564102564,0.282051282,3510,211,38,14,600000,21500000
1606,ACF Fiorentina,Goalkeeper,188.0,24.0,6,0.0,0.0,0.0,0.0,1.0,0.333333333,540,338,52,0,300000,700000
1631,US Sassuolo,Goalkeeper,193.0,22.0,5,0.0,0.0,0.0,0.0,2.285714286,0.0,315,18,3,0,500000,750000
1632,US Sassuolo,Goalkeeper,183.0,42.0,5,0.0,0.0,0.0,0.0,1.6,0.2,450,376,50,0,100000,2000000
1657,Torino FC,Goalkeeper,194.0,34.0,11,0.0,0.090909091,0.0,0.0,0.909090909,0.363636364,990,209,33,2,600000,7000000
1658,Torino FC,Goalkeeper,190.0,22.0,1,0.0,0.0,0.0,0.0,0.0,1.0,90,0,0,2,300000,300000
1659,Torino FC,Goalkeeper,195.0,19.0,9,0.0,0.0,0.0,0.0,1.888888889,0.333333333,810,321,13,0,25000,25000
1685,Udinese Calcio,Goalkeeper,191.0,37.0,5,0.0,0.0,0.0,0.0,2.2,0.4,450,41,8,1,300000,2000000
1686,Udinese Calcio,Goalkeeper,198.0,19.0,21,0.0,0.0,0.0,0.0,1.317073171,0.292682927,1845,37,4,0,50000,50000
1712,Bologna FC 1909,Goalkeeper,188.0,31.0,4,0.0,0.0,0.0,0.0,0.502793296,0.754189944,358,131,21,1,500000,9000000
1713,Bologna FC 1909,Goalkeeper,196.0,23.0,33,0.0,0.06,0.0,0.0,1.11,0.27,3000,20,3,0,450000,500000
1714,Bologna FC 1909,Goalkeeper,193.0,19.0,54,0.0,0.056226572,0.0,0.0,1.424406497,0.299875052,4802,92,14,0,200000,200000
1744,AC Monza,Goalkeeper,190.0,21.0,32,0.0,0.064285714,0.0,0.0,1.060714286,0.321428571,2800,8,2,1,500000,500000
1745,AC Monza,Goalkeeper,187.0,33.0,2,0.0,0.0,0.0,0.5,1.0,0.0,180,213,21,2,100000,2500000
1773,FC Empoli,Goalkeeper,192.0,25.0,40,0.0,0.025083612,0.0,0.0,1.780936455,0.100334448,3588,0,0,0,700000,1300000
1774,FC Empoli,Goalkeeper,186.0,34.0,2,0.0,0.0,0.0,0.0,3.75,0.0,96,127,20,3,200000,3500000
1775,FC Empoli,Goalkeeper,191.0,18.0,19,0.0,0.107462687,0.0,0.053731343,1.397014925,0.268656716,1675,0,0,0,200000,200000
1803,US Lecce,Goalkeeper,192.0,27.0,7,0.0,0.0,0.0,0.0,0.721442886,0.541082164,499,43,10,1,200000,300000
1804,US Lecce,Goalkeeper,189.0,21.0,0,0.0,0.0,0.0,0.0,0.0,0.0,0,0,0,2,200000,500000
1805,US Lecce,Goalkeeper,187.0,19.0,16,0.0,0.0,0.0,0.0,1.4375,0.125,1440,0,0,0,75000,75000
1834,Spezia Calcio,Goalkeeper,192.0,32.0,16,0.0,0.135951662,0.0,0.0,1.903323263,0.135951662,1324,269,49,5,500000,12500000
1835,Spezia Calcio,Goalkeeper,188.0,21.0,7,0.0,0.0,0.0,0.0,2.123411978,0.163339383,551,53,9,0,100000,100000
1836,Spezia Calcio,Goalkeeper,183.0,40.0,2,0.0,0.0,0.0,0.608108108,2.432432432,0.0,148,348,53,2,50000,13000000
1863,Hellas Verona,Goalkeeper,185.0,28.0,3,0.0,0.0,0.0,0.0,0.782608696,0.391304348,230,13,3,0,200000,300000
1864,Hellas Verona,Goalkeeper,191.0,32.0,1,0.0,0.0,0.0,0.0,3.0,0.0,90,129,22,1,50000,200000
1892,UC Sampdoria,Goalkeeper,184.0,19.0,27,0.0,0.148148148,0.0,0.0,1.111111111,0.296296296,2430,3,1,1,300000,500000
1893,UC Sampdoria,Goalkeeper,186.0,34.0,10,0.0,0.0,0.0,0.0,2.653562654,0.0,814,78,12,3,100000,500000
1921,US Cremonese,Goalkeeper,190.0,26.0,9,0.0,0.110294118,0.0,0.0,0.992647059,0.441176471,816,14,2,0,250000,250000
1922,US Cremonese,Goalkeeper,179.0,22.0,8,0.0,0.0,0.0,0.0,2.0,0.125,720,0,0,0,200000,275000
1923,US Cremonese,Goalkeeper,192.0,22.0,1,0.0,0.0,0.0,0.0,2.0,0.0,90,0,0,2,100000,100000
1948,US Salernitana 1919,Goalkeeper,188.0,33.0,3,0.0,0.0,0.0,0.0,2.666666667,0.0,270,123,17,2,300000,800000
1975,Atalanta BC,Goalkeeper,190.0,32.0,2,0.0,0.0,0.0,0.0,2.307692308,2.307692308,39,42,6,0,100000,175000
2000,SSC Napoli,Goalkeeper,190.0,21.0,32,0.0,0.0625,0.0,0.0,1.46875,0.15625,2880,0,0,1,150000,150000
2001,SSC Napoli,Goalkeeper,192.0,23.0,1,0.0,0.0,0.0,0.0,0.0,9.0,10,6,1,1,50000,100000
2027,Inter Milan,Goalkeeper,190.0,40.0,1,0.0,0.0,0.0,0.0,0.0,3.6,25,45,8,7,300000,1000000
2053,AC Milan,Goalkeeper,193.0,37.0,32,0.0,0.0,0.0,0.0,1.329896907,0.278350515,2910,38,11,6,600000,5000000
2054,AC Milan,Goalkeeper,185.0,25.0,2,0.0,0.0,0.0,0.0,3.0,0.0,180,0,0,0,350000,400000
2055,AC Milan,Goalkeeper,182.0,39.0,1,0.0,0.0,0.0,0.0,0.0,90.0,1,266,47,2,300000,6000000
2084,Juventus FC,Goalkeeper,190.0,33.0,1,0.0,0.0,0.0,0.0,2.045454545,0.0,44,16,4,10,300000,1000000
2112,AS Monaco,Goalkeeper,192.0,20.0,11,0.0,0.0,0.0,0.0,1.636363636,0.0,990,0,0,0,200000,200000
2139,Stade Rennais FC,Goalkeeper,186.0,38.0,5,0.0,0.228426396,0.228426396,0.0,0.913705584,0.685279188,394,205,32,3,300000,2200000
2140,Stade Rennais FC,Goalkeeper,185.0,20.0,19,0.0,0.052631579,0.0,0.0,1.684210526,0.157894737,1710,0,0,0,200000,200000
2167,Olympique Marseille,Goalkeeper,182.0,20.0,24,0.0,0.0,0.0,0.0,1.47333957,0.252572498,2138,24,1,0,400000,400000
2189,OGC Nice,Goalkeeper,190.0,22.0,2,0.0,0.0,0.0,0.0,1.5,0.0,180,0,0,0,150000,150000
2216,RC Lens,Goalkeeper,192.0,37.0,33,0.0,0.094604064,0.0,0.031534688,1.324456903,0.220742817,2854,194,26,0,300000,1300000
2217,RC Lens,Goalkeeper,190.0,22.0,33,0.0,0.03030303,0.0,0.0,1.303030303,0.212121212,2970,14,2,0,200000,200000
2245,FC Nantes,Goalkeeper,187.0,26.0,17,0.0,0.119760479,0.0,0.0,0.898203593,0.538922156,1503,47,6,7,800000,1200000
2246,FC Nantes,Goalkeeper,187.0,35.0,5,0.0,0.0,0.0,0.0,0.4,0.8,450,0,0,1,200000,1500000
2273,Montpellier HSC,Goalkeeper,186.0,26.0,17,0.0,0.12295082,0.0,0.0,1.598360656,0.245901639,1464,0,0,1,800000,2500000
2274,Montpellier HSC,Goalkeeper,193.0,24.0,29,0.0,0.175438596,0.0,0.0,1.192982456,0.350877193,2565,0,0,0,300000,300000
2300,FC Lorient,Goalkeeper,195.0,28.0,9,0.0,0.0,0.0,0.0,1.278409091,0.383522727,704,227,23,1,600000,3000000
2301,FC Lorient,Goalkeeper,189.0,35.0,22,0.0,0.045754957,0.0,0.0,1.28113879,0.274529741,1967,94,13,0,300000,3500000
2302,FC Lorient,Goalkeeper,178.0,25.0,11,0.0,0.0,0.0,0.0,0.818181818,0.181818182,990,0,0,0,150000,150000
2326,FC Toulouse,Goalkeeper,191.0,24.0,7,0.0,0.0,0.0,0.0,0.714285714,0.285714286,630,33,2,1,400000,400000
2327,FC Toulouse,Goalkeeper,187.0,22.0,15,0.0,0.066666667,0.0,0.0,0.933333333,0.333333333,1350,0,0,0,150000,150000
2353,ESTAC Troyes,Goalkeeper,184.0,37.0,8,0.0,0.133729569,0.133729569,0.0,1.203566122,0.133729569,673,0,0,1,250000,1000000
2379,Stade Brestois 29,Goalkeeper,193.0,22.0,3,0.0,0.0,0.0,0.0,1.0,0.666666667,270,0,0,0,500000,500000
2380,Stade Brestois 29,Goalkeeper,188.0,24.0,18,0.0,0.055555556,0.0,0.0,1.444444444,0.277777778,1620,0,0,0,200000,200000
2406,Angers SCO,Goalkeeper,187.0,21.0,10,0.0,0.1,0.0,0.0,0.9,0.5,900,0,0,0,100000,100000
2407,Angers SCO,Goalkeeper,181.2403529,20.0,43,0.0,0.0,0.0,0.0,1.11627907,0.325581395,3870,0,0,0,100000,100000
2436,AJ Auxerre,Goalkeeper,187.0,30.0,46,0.0,0.064285714,0.0,0.0,1.028571429,0.342857143,4200,0,0,0,600000,1200000
2437,AJ Auxerre,Goalkeeper,185.0,22.0,31,0.0,0.0,0.0,0.0,1.161290323,0.322580645,2790,0,0,0,150000,200000
2438,AJ Auxerre,Goalkeeper,190.0,21.0,6,0.0,0.0,0.0,0.0,1.0,0.333333333,540,0,0,0,100000,150000
2469,Clermont Foot 63,Goalkeeper,188.0,25.0,28,0.0,0.035928144,0.0,0.0,1.437125749,0.251497006,2505,0,0,0,600000,1800000
2470,Clermont Foot 63,Goalkeeper,194.0,22.0,33,0.0,0.03030303,0.0,0.0,1.666666667,0.121212121,2970,0,0,0,150000,150000
2493,AC Ajaccio,Goalkeeper,184.0,34.0,64,0.0,0.048701299,0.0,0.0,1.233766234,0.405844156,5544,20,4,0,600000,1250000
2494,AC Ajaccio,Goalkeeper,182.0,29.0,21,0.0,0.048780488,0.0,0.0,1.073170732,0.43902439,1845,11,3,0,300000,300000
2495,AC Ajaccio,Goalkeeper,182.0,20.0,19,0.0,0.0,0.0,0.0,0.846560847,0.317460317,1701,0,0,0,200000,200000
2524,Olympique Lyon,Goalkeeper,191.0,35.0,40,0.0,0.025531915,0.0,0.0,1.123404255,0.255319149,3525,198,3,0,400000,4000000
2525,Olympique Lyon,Goalkeeper,191.0,21.0,15,0.0,0.0,0.0,0.0,1.333333333,0.266666667,1350,0,0,0,200000,250000
2548,LOSC Lille,Goalkeeper,188.0,26.0,4,0.0,0.25,0.0,0.0,2.0,0.25,360,0,0,0,400000,1200000
2570,Stade Reims,Goalkeeper,193.0,27.0,44,0.0,0.045977011,0.0,0.0,1.149425287,0.344827586,3915,148,16,0,700000,700000
2571,Stade Reims,Goalkeeper,185.0,42.0,0,0.0,0.0,0.0,0.0,0.0,0.0,0,206,28,0,150000,2800000
2572,Stade Reims,Goalkeeper,187.0,22.0,30,0.0,0.033333333,0.0,0.0,1.5,0.233333333,2700,101,10,0,100000,100000
2595,RC Strasbourg Alsace,Goalkeeper,185.0,40.0,2,0.0,0.0,0.0,0.0,0.0,1.0,180,35,7,2,200000,3000000
2596,RC Strasbourg Alsace,Goalkeeper,190.0,22.0,14,0.0,0.0,0.0,0.0,0.930047695,0.214626391,1258,0,0,0,100000,150000
2597,RC Strasbourg Alsace,Goalkeeper,193.0,18.0,11,0.0,0.0,0.0,0.0,1.0,0.363636364,990,0,0,0,100000,100000
2622,Paris Saint-Germain,Goalkeeper,193.0,32.0,2,0.0,0.0,0.0,0.0,0.0,10.58823529,17,307,53,5,400000,1500000
2623,Paris Saint-Germain,Goalkeeper,195.0,20.0,20,0.0,0.101522843,0.0,0.0,1.015228426,0.203045685,1773,0,0,0,150000,150000
2648,AZ Alkmaar,Goalkeeper,192.0,30.0,41,0.0,0.0,0.0,0.0,0.975609756,0.317073171,3690,16,0,0,650000,650000
2649,AZ Alkmaar,Goalkeeper,190.0,20.0,36,0.0,0.083333333,0.0,0.0,1.305555556,0.25,3240,152,28,0,500000,500000
2650,AZ Alkmaar,Goalkeeper,181.2403529,18.0,49,0.0,0.0,0.0,0.0,1.006619493,0.410865099,4381,0,0,2,300000,300000
2677,Twente Enschede FC,Goalkeeper,195.0,36.0,1,0.0,0.0,0.0,0.0,0.0,1.0,90,302,26,3,300000,5000000
2678,Twente Enschede FC,Goalkeeper,187.0,23.0,5,0.0,0.0,0.0,0.0,1.6875,0.375,480,0,0,2,75000,100000
2679,Twente Enschede FC,Goalkeeper,186.0,20.0,22,0.0,0.0,0.0,0.0,1.545454545,0.272727273,1980,0,0,0,25000,25000
2701,Vitesse Arnhem,Goalkeeper,187.0,24.0,34,0.0,0.09252913,0.0,0.030843043,1.418779986,0.277587389,2918,196,24,4,600000,2000000
2702,Vitesse Arnhem,Goalkeeper,187.0,21.0,21,0.0,0.050732807,0.0,0.0,1.521984216,0.304396843,1774,203,31,4,350000,350000
2703,Vitesse Arnhem,Goalkeeper,188.0,27.0,32,0.0,0.03330866,0.0,0.0,1.865284974,0.266469282,2702,72,7,2,300000,600000
2704,Vitesse Arnhem,Goalkeeper,181.2403529,19.0,14,0.0,0.0,0.0,0.0,1.571428571,0.214285714,1260,0,0,0,25000,25000
2728,FC Groningen,Goalkeeper,196.0,26.0,30,0.0,0.033333333,0.0,0.0,2.033333333,0.133333333,2700,244,25,2,800000,1500000
2729,FC Groningen,Goalkeeper,196.0,29.0,44,0.0,0.023261825,0.0,0.023261825,1.605065909,0.162832773,3869,377,51,5,500000,600000
2730,FC Groningen,Goalkeeper,199.0,23.0,16,0.0,0.133432172,0.0,0.0,2.00148258,0.200148258,1349,43,6,2,25000,25000
2758,Fortuna Sittard,Goalkeeper,183.0,26.0,38,0.0,0.052631579,0.0,0.0,2.052631579,0.236842105,3420,546,58,1,600000,750000
2759,Fortuna Sittard,Goalkeeper,186.0,21.0,0,0.0,0.0,0.0,0.0,0.0,0.0,0,0,0,0,50000,50000
2784,NEC Nijmegen,Goalkeeper,192.0,29.0,39,0.0,0.025423729,0.0,0.0,1.525423729,0.279661017,3540,279,28,1,600000,900000
2785,NEC Nijmegen,Goalkeeper,193.0,20.0,21,0.0,0.0,0.0,0.0,1.714285714,0.142857143,1890,152,22,0,75000,75000
2786,NEC Nijmegen,Goalkeeper,189.0,21.0,25,0.0,0.04,0.0,0.0,1.72,0.2,2250,0,0,0,25000,25000
2811,Sparta Rotterdam,Goalkeeper,185.0,31.0,24,0.0,0.0,0.0,0.0,1.732394366,0.338028169,2130,0,0,2,225000,225000
2812,Sparta Rotterdam,Goalkeeper,186.0,32.0,4,0.0,0.0,0.0,0.0,1.5,0.25,360,841,74,0,200000,250000
2813,Sparta Rotterdam,Goalkeeper,195.0,23.0,19,0.0,0.052631579,0.0,0.0,1.947368421,0.105263158,1710,106,18,0,100000,100000
2834,SC Cambuur Leeuwarden,Goalkeeper,192.0,23.0,26,0.0,0.077286389,0.0,0.038643195,1.391155002,0.309145556,2329,59,0,4,700000,1000000
2835,SC Cambuur Leeuwarden,Goalkeeper,196.0,36.0,18,0.0,0.0,0.0,0.0,2.277777778,0.222222222,1620,645,74,0,350000,3000000
2836,SC Cambuur Leeuwarden,Goalkeeper,192.0,21.0,3,0.0,0.0,0.0,0.0,1.333333333,0.666666667,270,0,0,1,25000,25000
2864,Excelsior Rotterdam,Goalkeeper,186.0,26.0,78,0.0,0.0,0.0,0.0,1.765960472,0.268733115,7033,26,3,0,850000,850000
2865,Excelsior Rotterdam,Goalkeeper,186.0,28.0,42,0.0,0.0,0.0,0.0,1.675794085,0.172508215,3652,1169,139,1,275000,300000
2866,Excelsior Rotterdam,Goalkeeper,194.0,19.0,16,0.0,0.0,0.0,0.0,1.285714286,0.128571429,1400,0,0,0,125000,175000
2893,FC Volendam,Goalkeeper,187.0,23.0,28,0.0,0.0,0.0,0.0,1.901913876,0.251196172,2508,14,2,0,175000,175000
2894,FC Volendam,Goalkeeper,199.0,19.0,39,0.0,0.076923077,0.0,0.0,1.871794872,0.205128205,3510,0,0,0,50000,50000
2924,RKC Waalwijk,Goalkeeper,189.0,27.0,63,0.0,0.079365079,0.0,0.0,1.587301587,0.174603175,5670,123,16,0,800000,800000
2925,RKC Waalwijk,Goalkeeper,189.0,26.0,5,0.0,0.0,0.0,0.0,2.8,0.2,450,216,29,2,300000,1000000
2926,RKC Waalwijk,Goalkeeper,196.0,26.0,0,0.0,0.0,0.0,0.0,0.0,0.0,0,0,0,0,100000,150000
2927,RKC Waalwijk,Goalkeeper,181.2403529,22.0,2,0.0,0.0,0.0,0.0,2.0,0.0,180,0,0,0,25000,25000
2952,FC Emmen,Goalkeeper,188.0,28.0,51,0.0,0.0,0.0,0.0,1.334070796,0.338495575,4520,263,36,5,600000,850000
2953,FC Emmen,Goalkeeper,193.0,27.0,16,0.0,0.0,0.0,0.0,1.957894737,0.189473684,1425,204,27,3,500000,750000
2954,FC Emmen,Goalkeeper,187.0,23.0,3,0.0,0.0,0.0,0.0,2.0,0.0,270,86,7,2,50000,50000
2955,FC Emmen,Goalkeeper,190.0,21.0,36,0.0,0.0,0.0,0.0,2.361111111,0.138888889,3240,0,0,0,25000,25000
2982,Go Ahead Eagles,Goalkeeper,190.0,25.0,38,0.0,0.052631579,0.0,0.0,1.631578947,0.263157895,3420,0,0,3,650000,650000
2983,Go Ahead Eagles,Goalkeeper,193.0,34.0,22,0.0,0.046511628,0.0,0.0,1.627906977,0.23255814,1935,430,46,2,300000,3000000
2984,Go Ahead Eagles,Goalkeeper,189.0,23.0,9,0.0,0.0,0.0,0.0,0.777777778,0.333333333,810,253,42,0,225000,550000
2985,Go Ahead Eagles,Goalkeeper,192.0,18.0,19,0.0,0.0,0.0,0.0,0.947368421,0.315789474,1710,0,0,0,50000,50000
3010,FC Utrecht,Goalkeeper,193.0,23.0,44,0.0,0.046153846,0.0,0.0,1.361538462,0.230769231,3900,294,34,0,800000,900000
3011,FC Utrecht,Goalkeeper,197.0,24.0,28,0.0,0.035714286,0.0,0.0,2.25,0.142857143,2520,4,1,1,200000,250000
3012,FC Utrecht,Goalkeeper,188.0,21.0,24,0.0,0.044096031,0.0,0.0,1.984321411,0.132288094,2041,13,2,3,200000,200000
3040,SC Heerenveen,Goalkeeper,188.0,27.0,39,0.0,0.0,0.0,0.0,1.545506583,0.180309101,3494,304,43,2,450000,800000
3041,SC Heerenveen,Goalkeeper,186.0,27.0,1,0.0,0.0,0.0,0.0,0.0,1.0,0,0,0,3,50000,75000
3066,Ajax Amsterdam,Goalkeeper,187.0,39.0,50,0.0,0.0,0.0,0.0,0.96,0.52,4500,198,17,6,250000,1250000
3067,Ajax Amsterdam,Goalkeeper,197.0,40.0,8,0.0,0.0,0.0,0.0,0.625,0.625,720,723,123,11,100000,11000000
3093,PSV Eindhoven,Goalkeeper,194.0,19.0,30,0.0,0.033296337,0.0,0.0,1.531631521,0.099889012,2703,292,47,1,300000,300000
3094,PSV Eindhoven,Goalkeeper,188.0,39.0,11,0.0,0.090909091,0.0,0.0,1.636363636,0.272727273,990,42,7,8,100000,3000000
3117,Feyenoord Rotterdam,Goalkeeper,193.0,33.0,20,0.0,0.052386496,0.0,0.0,1.257275902,0.314318976,1718,181,32,2,500000,500000
3118,Feyenoord Rotterdam,Goalkeeper,187.0,21.0,20,0.0,0.0,0.0,0.0,1.4,0.3,1800,84,7,2,100000,100000
3144,Club Athletico Paranaense,Goalkeeper,194.0,22.0,0,0.0,1.0,0.0,0.0,0.0,0.0,0,0,0,0,300000,300000
3145,Club Athletico Paranaense,Goalkeeper,195.0,20.0,0,0.0,0.0,0.0,0.0,0.0,0.0,0,0,0,0,200000,200000
3175,Red Bull Bragantino,Goalkeeper,191.0,24.0,0,0.0,0.0,0.0,0.0,0.0,0.0,0,0,0,0,100000,100000
3207,Santos FC,Goalkeeper,192.0,33.0,0,0.0,0.0,0.0,0.0,0.0,0.0,0,89,5,0,200000,800000
3208,Santos FC,Goalkeeper,188.0,22.0,0,0.0,0.0,0.0,0.0,0.0,0.0,0,0,0,0,100000,100000
3209,Santos FC,Goalkeeper,186.0,22.0,0,0.0,0.0,0.0,0.0,0.0,0.0,0,0,0,0,100000,100000
3248,Clube de Regatas Vasco da Gama,Goalkeeper,198.0,23.0,0,0.0,0.0,0.0,0.0,0.0,0.0,0,0,0,0,200000,200000
3280,Fluminense Football Club,Goalkeeper,192.0,22.0,0,0.0,0.0,0.0,0.0,0.0,0.0,0,0,0,0,550000,550000
3281,Fluminense Football Club,Goalkeeper,188.0,42.0,10,0.0,0.2,0.0,0.0,1.1,0.4,900,244,20,6,200000,3500000
3282,Fluminense Football Club,Goalkeeper,194.0,24.0,24,0.0,0.125,0.0,0.0,1.333333333,0.25,2160,0,0,1,100000,100000
3312,Sport Club Internacional,Goalkeeper,193.0,21.0,0,0.0,0.0,0.0,0.0,0.0,0.0,0,0,0,0,300000,300000
3313,Sport Club Internacional,Goalkeeper,196.0,23.0,0,0.0,0.0,0.0,0.0,0.0,0.0,0,0,0,0,100000,100000
3342,Esporte Clube Bahia,Goalkeeper,194.0,28.0,0,0.0,0.0,0.0,0.0,0.0,0.0,0,35,13,0,700000,1000000
3343,Esporte Clube Bahia,Goalkeeper,188.0,35.0,0,0.0,1.0,0.0,0.0,0.0,0.0,0,259,43,5,400000,3000000
3375,Grêmio Foot-Ball Porto Alegrense,Goalkeeper,196.0,23.0,0,0.0,0.0,0.0,0.0,0.0,0.0,0,0,0,0,100000,100000
3409,Coritiba Foot Ball Club,Goalkeeper,188.0,30.0,1,0.0,0.0,0.0,0.0,2.0,0.0,90,0,0,0,400000,600000
3410,Coritiba Foot Ball Club,Goalkeeper,191.0,23.0,0,0.0,0.0,0.0,0.0,0.0,0.0,0,0,0,0,100000,100000
3411,Coritiba Foot Ball Club,Goalkeeper,191.0,20.0,0,0.0,0.0,0.0,0.0,0.0,0.0,0,0,0,0,100000,100000
3443,Fortaleza Esporte Clube,Goalkeeper,186.0,34.0,6,0.0,0.166666667,0.0,0.0,0.833333333,0.5,540,61,18,2,350000,900000
3444,Fortaleza Esporte Clube,Goalkeeper,191.0,31.0,1,0.0,0.0,0.0,0.0,0.0,1.0,90,0,0,0,350000,600000
3445,Fortaleza Esporte Clube,Goalkeeper,191.0,38.0,7,0.0,0.0,0.0,0.0,1.0,0.285714286,630,195,39,0,200000,1250000
3473,Cruzeiro Esporte Clube,Goalkeeper,186.0,33.0,17,0.0,0.176470588,0.0,0.0,1.647058824,0.176470588,1530,152,21,6,600000,4000000
3474,Cruzeiro Esporte Clube,Goalkeeper,197.0,24.0,0,0.0,1.0,0.0,0.0,0.0,0.0,0,0,0,1,400000,400000
3475,Cruzeiro Esporte Clube,Goalkeeper,190.0,25.0,0,0.0,0.0,0.0,0.0,0.0,0.0,0,0,0,0,200000,250000
3506,Goiás Esporte Clube,Goalkeeper,186.0,35.0,3,0.0,0.0,0.0,0.0,2.666666667,0.0,270,0,0,0,150000,600000
3507,Goiás Esporte Clube,Goalkeeper,190.0,28.0,0,0.0,0.0,0.0,0.0,0.0,0.0,0,0,0,0,100000,100000
3539,Cuiabá Esporte Clube (MT),Goalkeeper,188.0,35.0,10,0.0,0.1,0.0,0.0,1.4,0.2,900,154,13,2,250000,1500000
3540,Cuiabá Esporte Clube (MT),Goalkeeper,191.0,35.0,0,0.0,0.0,0.0,0.0,0.0,0.0,0,0,0,0,200000,1000000
3541,Cuiabá Esporte Clube (MT),Goalkeeper,188.0,24.0,0,0.0,0.0,0.0,0.0,0.0,0.0,0,0,0,0,100000,100000
3569,Botafogo de Futebol e Regatas,Goalkeeper,191.0,35.0,0,0.0,0.0,0.0,0.0,0.0,0.0,0,134,14,0,600000,3000000
3570,Botafogo de Futebol e Regatas,Goalkeeper,188.0,33.0,0,0.0,0.0,0.0,0.0,0.0,0.0,0,0,0,0,150000,150000
3571,Botafogo de Futebol e Regatas,Goalkeeper,190.0,21.0,0,0.0,0.0,0.0,0.0,0.0,0.0,0,0,0,0,100000,100000
3607,Clube Atlético Mineiro,Goalkeeper,191.0,24.0,0,0.0,0.0,0.0,0.0,0.0,0.0,0,0,0,2,250000,250000
3608,Clube Atlético Mineiro,Goalkeeper,189.0,20.0,0,0.0,0.0,0.0,0.0,0.0,0.0,0,0,0,0,100000,100000
3636,São Paulo Futebol Clube,Goalkeeper,186.0,30.0,0,0.0,0.0,0.0,0.0,0.0,0.0,0,68,20,0,700000,2000000
3637,São Paulo Futebol Clube,Goalkeeper,192.0,33.0,10,0.0,0.0,0.0,0.0,1.1,0.3,900,0,0,7,400000,1250000
3638,São Paulo Futebol Clube,Goalkeeper,187.0,35.0,0,0.0,0.0,0.0,0.0,0.0,0.0,0,0,0,1,350000,750000
3673,América Futebol Clube (MG),Goalkeeper,190.0,27.0,0,0.0,0.0,0.0,0.0,0.0,0.0,0,0,0,0,300000,300000
3674,América Futebol Clube (MG),Goalkeeper,192.0,30.0,33,0.0,0.121212121,0.0,0.0,1.696969697,0.090909091,2970,57,4,1,250000,1000000
3675,América Futebol Clube (MG),Goalkeeper,192.0,36.0,5,0.0,0.0,0.0,0.200445434,2.80623608,0.0,449,127,21,0,200000,200000
3676,América Futebol Clube (MG),Goalkeeper,187.0,22.0,0,0.0,0.0,0.0,0.0,0.0,0.0,0,0,0,0,150000,150000
3708,Sociedade Esportiva Palmeiras,Goalkeeper,195.0,29.0,0,0.0,0.0,0.0,0.0,0.0,0.0,0,100,8,6,400000,400000
3709,Sociedade Esportiva Palmeiras,Goalkeeper,188.0,36.0,0,0.0,0.0,0.0,0.0,0.0,0.0,0,0,0,4,300000,3250000
3739,CR Flamengo,Goalkeeper,193.0,22.0,6,0.0,0.0,0.0,0.0,0.660146699,0.660146699,409,0,0,1,450000,450000
3802,SC Braga,Goalkeeper,186.0,28.0,14,0.0,0.15625,0.0,0.0,1.328125,0.46875,1152,91,18,2,800000,4000000
3826,FC Famalicão,Goalkeeper,191.0,26.0,7,0.0,0.0,0.0,0.0,1.142857143,0.285714286,630,13,3,2,300000,1500000
3827,FC Famalicão,Goalkeeper,199.0,18.0,4,0.0,0.0,0.0,0.0,1.0,0.25,360,0,0,0,0,0
3856,Vitória Guimarães SC,Goalkeeper,188.0,22.0,10,0.0,0.0,0.0,0.0,1.741935484,0.193548387,930,46,7,1,500000,500000
3857,Vitória Guimarães SC,Goalkeeper,193.0,19.0,12,0.0,0.083333333,0.0,0.0,1.416666667,0.083333333,1080,0,0,0,0,0
3884,CD Santa Clara,Goalkeeper,188.0,24.0,29,0.0,0.068965517,0.0,0.0,1.896551724,0.137931034,2610,0,0,4,500000,1000000
3885,CD Santa Clara,Goalkeeper,193.0,28.0,16,0.0,0.201042442,0.0,0.0,2.010424423,0.201042442,1343,0,0,1,200000,300000
3886,CD Santa Clara,Goalkeeper,184.0,36.0,42,0.0,0.097560976,0.0,0.0,1.268292683,0.317073171,3690,367,40,1,200000,500000
3887,CD Santa Clara,Goalkeeper,187.0,37.0,0,0.0,0.0,0.0,0.0,0.0,0.0,0,0,0,3,100000,2000000
3916,GD Estoril Praia,Goalkeeper,189.0,26.0,28,0.0,0.146818923,0.0,0.0,1.688417618,0.110114192,2452,140,13,0,400000,650000
3917,GD Estoril Praia,Goalkeeper,185.0,20.0,35,0.0,0.028301887,0.0,0.0,1.103773585,0.367924528,3180,0,0,2,200000,200000
3944,Boavista FC,Goalkeeper,192.0,31.0,6,0.0,0.0,0.0,0.0,1.833333333,0.166666667,540,0,0,7,200000,900000
3945,Boavista FC,Goalkeeper,185.0,42.0,61,0.0,0.099191771,0.0,0.0,1.438280676,0.214915503,5444,102,10,3,100000,2900000
3946,Boavista FC,Goalkeeper,188.0,22.0,4,0.0,0.0,0.0,0.0,1.0,0.25,360,0,0,0,100000,100000
3972,Portimonense SC,Goalkeeper,185.0,28.0,38,0.0,0.078947368,0.0,0.0,1.394736842,0.263157895,3420,499,66,1,600000,1500000
3973,Portimonense SC,Goalkeeper,191.0,25.0,0,0.0,0.0,0.0,0.0,0.0,0.0,0,0,0,0,100000,100000
3974,Portimonense SC,Goalkeeper,199.0,21.0,7,0.0,0.0,0.0,0.0,2.0,0.285714286,630,0,0,1,100000,100000
4004,CS Marítimo,Goalkeeper,194.0,33.0,17,0.0,0.177281681,0.0,0.0,1.477347341,0.177281681,1523,107,16,2,700000,1500000
4005,CS Marítimo,Goalkeeper,192.0,24.0,19,0.0,0.159763314,0.0,0.0,1.118343195,0.372781065,1690,42,8,0,700000,2000000
4006,CS Marítimo,Goalkeeper,188.0,33.0,16,0.0,0.244897959,0.0,0.0,1.653061224,0.12244898,1470,0,0,0,250000,250000
4007,CS Marítimo,Goalkeeper,192.0,21.0,5,0.0,0.2,0.0,0.0,0.6,0.6,450,267,24,0,100000,100000
4033,Casa Pia AC,Goalkeeper,193.0,25.0,9,0.0,0.222222222,0.0,0.0,1.555555556,0.222222222,810,0,0,1,200000,200000
4034,Casa Pia AC,Goalkeeper,192.0,25.0,5,0.0,0.0,0.0,0.0,1.0,0.2,450,0,0,0,100000,100000
4035,Casa Pia AC,Goalkeeper,192.0,36.0,67,0.0,0.118811881,0.0,0.014851485,0.861386139,0.430693069,6060,42,5,0,100000,1000000
4061,FC Paços de Ferreira,Goalkeeper,192.0,25.0,22,0.0,0.099173554,0.0,0.049586777,1.289256198,0.396694215,1815,0,0,0,300000,300000
4062,FC Paços de Ferreira,Goalkeeper,186.0,21.0,4,0.0,0.25,0.0,0.0,2.5,0.0,360,0,0,0,200000,200000
4063,FC Paços de Ferreira,Goalkeeper,190.0,36.0,37,0.0,0.133254368,0.026650874,0.0,1.439147172,0.213206988,3377,447,61,2,125000,2500000
4089,FC Arouca,Goalkeeper,185.0,26.0,32,0.0,0.156849076,0.0,0.031369815,1.066573719,0.439177414,2869,12,4,0,700000,700000
4090,FC Arouca,Goalkeeper,188.0,26.0,16,0.0,0.125,0.0,0.0,1.5,0.25,1440,0,0,1,200000,300000
4091,FC Arouca,Goalkeeper,185.0,23.0,10,0.0,0.0,0.0,0.0,1.117241379,0.620689655,725,0,0,0,100000,350000
4116,FC Vizela,Goalkeeper,194.0,26.0,55,0.0,0.055521283,0.0,0.0,1.499074645,0.277606416,4863,4,2,0,800000,800000
4117,FC Vizela,Goalkeeper,198.0,26.0,40,0.0,0.146143437,0.0,0.0,1.412719892,0.194857916,3695,30,4,0,300000,700000
4118,FC Vizela,Goalkeeper,194.0,20.0,32,0.0,0.095778645,0.0,0.0,1.468605889,0.223483505,2819,0,0,0,100000,100000
4142,Rio Ave FC,Goalkeeper,190.0,32.0,71,0.0,0.070422535,0.0,0.0,1.042253521,0.352112676,6390,385,56,1,800000,1000000
4143,Rio Ave FC,Goalkeeper,197.0,23.0,32,0.0,0.0,0.0,0.0,1.546391753,0.278350515,2910,0,0,0,100000,100000
4166,GD Chaves,Goalkeeper,195.0,34.0,66,0.0,0.106060606,0.0,0.0,1.075757576,0.287878788,5940,0,0,0,200000,400000
4167,GD Chaves,Goalkeeper,198.0,27.0,28,0.0,0.105592491,0.035197497,0.0,1.407899883,0.140789988,2557,0,0,0,200000,275000
4168,GD Chaves,Goalkeeper,194.0,23.0,2,0.0,0.0,0.0,0.0,2.0,1.0,90,0,0,0,100000,100000
4195,Gil Vicente FC,Goalkeeper,189.0,23.0,4,0.0,0.0,0.0,0.0,1.25,0.25,360,0,0,0,200000,200000
4248,Sporting CP,Goalkeeper,188.0,26.0,1,0.0,0.0,0.0,0.0,0.0,8.181818182,11,0,0,3,100000,100000
4305,Santos Laguna,Goalkeeper,189.0,29.0,20,0.0,0.05,0.0,0.0,1.55,0.25,1800,0,0,1,500000,1500000
4306,Santos Laguna,Goalkeeper,180.0,22.0,29,0.0,0.034509202,0.0,0.0,1.380368098,0.241564417,2608,0,0,0,200000,200000
4330,Club León FC,Goalkeeper,182.0,35.0,9,0.0,0.111111111,0.0,0.0,0.666666667,0.555555556,810,0,0,3,500000,1500000
4355,FC Juárez,Goalkeeper,188.0,40.0,73,0.0,0.136986301,0.0,0.0,1.301369863,0.260273973,6570,0,0,3,800000,2000000
4356,FC Juárez,Goalkeeper,183.0,34.0,13,0.0,0.0,0.0,0.0,1.523988711,0.169332079,1063,0,0,2,400000,1800000
4357,FC Juárez,Goalkeeper,181.0,26.0,40,0.0,0.1,0.0,0.0,1.175,0.375,3600,32,4,0,250000,300000
4385,Club Tijuana,Goalkeeper,184.0,37.0,44,0.0,0.069767442,0.0,0.0,1.581395349,0.23255814,3870,178,12,9,800000,3000000
4386,Club Tijuana,Goalkeeper,178.0,27.0,25,0.0,0.12465374,0.0,0.0,1.20498615,0.332409972,2166,0,0,0,400000,400000
4409,Atlético de San Luis,Goalkeeper,182.0,39.0,67,0.0,0.075037519,0.0,0.0,1.365682841,0.300150075,5997,0,0,8,300000,4000000
4410,Atlético de San Luis,Goalkeeper,192.0,25.0,24,0.0,0.045894952,0.0,0.045894952,1.744008159,0.091789903,1961,0,0,0,300000,500000
4436,Club Necaxa,Goalkeeper,184.0,32.0,46,0.0,0.110646668,0.0,0.0,1.438406688,0.221293337,4067,19,4,9,800000,2500000
4437,Club Necaxa,Goalkeeper,186.0,30.0,56,0.0,0.036297641,0.0,0.0,1.197822142,0.272232305,4959,0,0,1,400000,500000
4459,Puebla FC,Goalkeeper,190.0,39.0,71,0.0,0.154929577,0.0,0.0,1.535211268,0.169014085,6390,0,0,0,500000,900000
4460,Puebla FC,Goalkeeper,185.0,30.0,14,0.0,0.214285714,0.0,0.0,1.071428571,0.214285714,1260,0,0,1,300000,400000
4461,Puebla FC,Goalkeeper,184.0,22.0,33,0.0,0.121212121,0.0,0.0,1.787878788,0.121212121,2970,0,0,0,50000,50000
4487,Mazatlán FC,Goalkeeper,184.0,39.0,57,0.0,0.123893805,0.0,0.0,1.557522124,0.17699115,5085,0,0,0,500000,1000000
4488,Mazatlán FC,Goalkeeper,181.0,25.0,18,0.0,0.0,0.0,0.0,2.115628971,0.114358323,1574,0,0,0,200000,200000
4489,Mazatlán FC,Goalkeeper,182.0,22.0,17,0.0,0.0,0.0,0.0,1.922563418,0.18024032,1498,0,0,0,100000,100000
4514,Querétaro FC,Goalkeeper,187.0,30.0,41,0.0,0.244299674,0.0,0.0,1.392508143,0.219869707,3684,0,0,0,800000,2000000
4515,Querétaro FC,Goalkeeper,179.0,30.0,41,0.0,0.101322826,0.0,0.0,1.393188854,0.303968477,3553,0,0,2,800000,1800000
4516,Querétaro FC,Goalkeeper,182.0,22.0,14,0.0,0.073230269,0.0,0.0,1.537835639,0.073230269,1229,0,0,0,200000,300000
4517,Querétaro FC,Goalkeeper,179.0,25.0,10,0.0,0.3,0.0,0.0,1.5,0.1,900,0,0,0,100000,400000
4542,CF América,Goalkeeper,183.0,34.0,30,0.0,0.133333333,0.0,0.0,0.933333333,0.4,2700,0,0,3,400000,800000
4564,CF Monterrey,Goalkeeper,183.0,29.0,16,0.0,0.0,0.0,0.0,1.032258065,0.322580645,1395,45,7,4,600000,600000
4565,CF Monterrey,Goalkeeper,184.0,22.0,42,0.0,0.0,0.0,0.0,1.25,0.240384615,3744,0,0,0,200000,200000
4588,Atlas Guadalajara,Goalkeeper,182.0,26.0,19,0.0,0.211764706,0.052941176,0.0,1.482352941,0.211764706,1700,0,0,2,400000,1000000
4589,Atlas Guadalajara,Goalkeeper,187.0,23.0,31,0.0,0.096774194,0.0,0.0,1.258064516,0.290322581,2790,0,0,0,100000,100000
4613,UNAM Pumas,Goalkeeper,182.0,32.0,50,0.0,0.04,0.0,0.0,1.46,0.22,4500,10,2,4,800000,800000
4614,UNAM Pumas,Goalkeeper,181.0,36.0,12,0.0,0.333333333,0.0,0.0,2.0,0.083333333,1080,107,14,8,800000,2500000
4638,Deportivo Toluca,Goalkeeper,183.0,30.0,28,0.0,0.267971076,0.0,0.0,1.378136963,0.267971076,2351,0,0,0,600000,1500000
4639,Deportivo Toluca,Goalkeeper,183.0,26.0,25,0.0,0.040632054,0.0,0.0,1.259593679,0.325056433,2215,0,0,0,100000,100000
4662,Tigres UANL,Goalkeeper,193.0,28.0,29,0.0,0.068965517,0.0,0.0,1.0,0.310344828,2610,0,0,5,200000,200000
4684,Deportivo Guadalajara,Goalkeeper,190.0,23.0,33,0.0,0.151515152,0.0,0.0,1.212121212,0.333333333,2970,0,0,0,400000,450000
4709,CD Cruz Azul,Goalkeeper,184.0,42.0,48,0.0,0.145833333,0.020833333,0.0,1.25,0.3125,4320,92,15,9,800000,2500000
4710,CD Cruz Azul,Goalkeeper,188.0,25.0,42,0.0,0.072289157,0.0,0.024096386,1.180722892,0.361445783,3735,48,8,1,800000,3500000
4711,CD Cruz Azul,Goalkeeper,183.0,26.0,42,0.0,0.119047619,0.0,0.0,0.952380952,0.380952381,3780,0,0,2,600000,700000
4736,CF Pachuca,Goalkeeper,190.0,25.0,23,0.0,0.230296827,0.0,0.0,0.921187308,0.552712385,1954,0,0,1,200000,200000
4737,CF Pachuca,Goalkeeper,178.0,19.0,37,0.0,0.135135135,0.0,0.0,1.351351351,0.297297297,3330,0,0,0,100000,100000
4764,Dynamo Moscow,Goalkeeper,193.0,36.0,52,0.0,0.019230769,0.0,0.0,1.365384615,0.288461538,4680,223,18,1,600000,6500000
4765,Dynamo Moscow,Goalkeeper,187.0,27.0,24,0.0,0.083333333,0.0,0.0,1.25,0.375,2160,14,2,0,600000,800000
4766,Dynamo Moscow,Goalkeeper,193.0,21.0,35,0.0,0.0,0.0,0.0,1.514285714,0.257142857,3150,0,0,0,250000,300000
4789,Lokomotiv Moscow,Goalkeeper,195.0,37.0,29,0.0,0.143141153,0.0,0.035785288,1.216699801,0.21471173,2515,1141,115,6,300000,8000000
4790,Lokomotiv Moscow,Goalkeeper,194.0,23.0,7,0.0,0.150501672,0.0,0.0,0.903010033,0.301003344,598,0,0,1,200000,250000
4816,FK Rostov,Goalkeeper,199.0,34.0,65,0.0,0.093312597,0.0,0.0,1.524105754,0.139968896,5787,79,16,2,700000,1500000
4817,FK Rostov,Goalkeeper,192.0,28.0,6,0.0,0.0,0.0,0.0,1.063829787,0.85106383,423,220,23,4,300000,1500000
4841,Krylya Sovetov Samara,Goalkeeper,189.0,24.0,15,0.0,0.0,0.0,0.0,1.066666667,0.333333333,1350,0,0,1,600000,600000
4842,Krylya Sovetov Samara,Goalkeeper,194.0,35.0,3,0.0,0.361445783,0.0,0.0,0.722891566,0.722891566,249,0,0,1,150000,900000
4865,FC Sochi,Goalkeeper,194.0,25.0,36,0.0,0.113136392,0.0,0.0,1.442489001,0.254556882,3182,26,5,0,900000,1000000
4866,FC Sochi,Goalkeeper,188.0,36.0,27,0.0,0.119469027,0.0,0.039823009,1.632743363,0.318584071,2260,565,46,0,300000,3500000
4867,FC Sochi,Goalkeeper,184.0,33.0,16,0.0,0.0,0.0,0.0,1.214392804,0.202398801,1334,33,3,0,300000,1200000
4890,Akhmat Grozny,Goalkeeper,190.0,34.0,50,0.0,0.142533937,0.0,0.020361991,1.201357466,0.285067873,4420,30,5,0,500000,850000
4891,Akhmat Grozny,Goalkeeper,191.0,30.0,41,0.0,0.025266704,0.0,0.050533408,1.364402021,0.277933745,3562,31,7,1,400000,400000
4892,Akhmat Grozny,Goalkeeper,194.0,19.0,16,0.0,0.147420147,0.0,0.0,1.769041769,0.294840295,1221,0,0,0,50000,50000
4921,Ural Yekaterinburg,Goalkeeper,200.0,28.0,19,0.0,0.210526316,0.0,0.0,0.947368421,0.421052632,1710,532,69,0,200000,350000
4922,Ural Yekaterinburg,Goalkeeper,194.0,21.0,30,0.0,0.0,0.0,0.036481557,1.678151601,0.218889339,2467,0,0,0,100000,100000
4948,FK Orenburg,Goalkeeper,199.0,24.0,34,0.0,0.029850746,0.0,0.0,1.313432836,0.328358209,3015,120,18,0,600000,800000
4949,FK Orenburg,Goalkeeper,197.0,25.0,31,0.0,0.06557377,0.0,0.0,1.409836066,0.327868852,2745,0,0,0,400000,400000
4950,FK Orenburg,Goalkeeper,190.0,24.0,13,0.0,0.153846154,0.0,0.0,1.692307692,0.230769231,1170,0,0,0,700000,700000
4974,FC Pari Nizhniy Novgorod,Goalkeeper,189.0,24.0,23,0.0,0.091509914,0.0,0.0,1.235383833,0.411794611,1967,0,0,0,600000,600000
4975,FC Pari Nizhniy Novgorod,Goalkeeper,194.0,32.0,50,0.0,0.1,0.0,0.0,1.4,0.28,4500,22,5,0,600000,1200000
4976,FC Pari Nizhniy Novgorod,Goalkeeper,186.0,30.0,3,0.0,0.0,0.0,0.0,2.4,0.4,225,112,11,0,200000,600000
5000,FK Khimki,Goalkeeper,192.0,28.0,25,0.0,0.0,0.0,0.0,1.960072595,0.163339383,2204,173,21,0,400000,800000
5001,FK Khimki,Goalkeeper,186.0,27.0,18,0.0,0.0,0.0,0.0,2.222222222,0.111111111,1620,616,69,2,700000,2250000
5027,Torpedo Moscow,Goalkeeper,191.0,29.0,28,0.0,0.071428571,0.0,0.0,2.142857143,0.178571429,2520,234,25,1,500000,1500000
5028,Torpedo Moscow,Goalkeeper,187.0,22.0,41,0.0,0.025118616,0.0,0.0,0.979626012,0.452135082,3583,154,20,1,300000,600000
5029,Torpedo Moscow,Goalkeeper,193.0,36.0,17,0.0,0.0,0.0,0.0,1.174450549,0.247252747,1456,20,4,1,100000,800000
5056,Fakel Voronezh,Goalkeeper,190.0,22.0,54,0.0,0.056603774,0.0,0.0,1.20754717,0.377358491,4770,0,0,1,800000,800000
5057,Fakel Voronezh,Goalkeeper,192.0,29.0,24,0.0,0.083333333,0.0,0.0,1.375,0.25,2160,69,8,0,400000,400000
5083,Spartak Moscow,Goalkeeper,190.0,23.0,2,0.0,0.0,0.0,0.0,0.5,0.5,180,0,0,1,100000,250000
5108,CSKA Moscow,Goalkeeper,189.0,19.0,25,0.0,0.0,0.0,0.04178273,1.002785515,0.501392758,2154,27,3,3,500000,500000
5156,Zenit St. Petersburg,Goalkeeper,190.0,20.0,17,0.0,0.0,0.0,0.06076975,0.911546253,0.486158001,1481,152,25,7,900000,1200000
5157,Zenit St. Petersburg,Goalkeeper,191.0,36.0,52,0.0,0.038826575,0.0,0.0,0.79594478,0.446505608,4636,123,6,11,500000,2000000
5158,Zenit St. Petersburg,Goalkeeper,190.0,28.0,7,0.0,0.142857143,0.0,0.0,1.142857143,0.285714286,630,233,26,5,400000,700000
5180,West Bromwich Albion,Goalkeeper,191.0,26.0,35,0.0,0.0,0.0,0.0,1.257142857,0.371428571,3150,0,0,0,900000,900000
5181,West Bromwich Albion,Goalkeeper,191.0,34.0,29,0.0,0.034090909,0.0,0.0,1.534090909,0.238636364,2640,41,5,0,250000,2000000
5205,Sunderland AFC,Goalkeeper,191.0,25.0,33,0.0,0.090909091,0.0,0.0,1.151515152,0.272727273,2970,0,0,2,250000,250000
5232,Hull City,Goalkeeper,189.0,24.0,30,0.0,0.098901099,0.0,0.0,1.384615385,0.263736264,2730,121,17,2,400000,600000
5233,Hull City,Goalkeeper,189.0,20.0,20,0.0,0.05,0.0,0.0,0.8,0.45,1800,0,0,0,500000,800000
5259,Preston North End,Goalkeeper,186.0,32.0,33,0.0,0.060606061,0.0,0.0,1.787878788,0.151515152,2970,0,0,1,250000,500000
5283,Stoke City,Goalkeeper,192.0,29.0,45,0.0,0.022477522,0.0,0.0,1.101398601,0.292207792,4004,0,0,0,500000,500000
5284,Stoke City,Goalkeeper,185.0,35.0,2,0.0,0.0,0.0,0.0,1.0,0.0,180,400,51,2,200000,1000000
5285,Stoke City,Goalkeeper,195.0,21.0,23,0.0,0.0,0.0,0.0,1.652173913,0.304347826,2070,0,0,0,150000,150000
5307,Queens Park Rangers,Goalkeeper,190.0,30.0,3,0.0,0.0,0.0,0.0,0.6,0.3,300,0,0,0,250000,500000
5308,Queens Park Rangers,Goalkeeper,193.0,21.0,19,0.0,0.052631579,0.0,0.0,1.842105263,0.263157895,1710,0,0,0,100000,100000
5332,Birmingham City,Goalkeeper,188.0,33.0,36,0.0,0.055521283,0.0,0.0,1.693399136,0.166563849,3242,184,19,0,500000,8000000
5333,Birmingham City,Goalkeeper,192.0,36.0,50,0.0,0.020445252,0.0,0.0,1.267605634,0.327124035,4402,140,24,1,300000,5000000
5358,Cardiff City,Goalkeeper,189.0,30.0,77,0.0,0.105401845,0.0,0.013175231,1.264822134,0.276679842,6831,44,7,2,900000,900000
5359,Cardiff City,Goalkeeper,187.0,29.0,46,0.0,0.043881034,0.0,0.043881034,1.316431009,0.351048269,4102,113,5,0,400000,450000
5386,Millwall FC,Goalkeeper,181.2403529,29.0,41,0.0,0.073170732,0.0,0.0,1.073170732,0.292682927,3690,0,0,2,600000,750000
5387,Millwall FC,Goalkeeper,194.0,35.0,57,0.0,0.01754386,0.0,0.0,1.052631579,0.298245614,5130,123,12,1,250000,2000000
5388,Millwall FC,Goalkeeper,186.0,27.0,6,0.0,0.0,0.0,0.0,0.957446809,0.382978723,470,0,0,0,200000,250000
5389,Millwall FC,Goalkeeper,181.2403529,24.0,18,0.0,0.057142857,0.0,0.0,1.257142857,0.457142857,1575,0,0,0,150000,150000
5411,Reading FC,Goalkeeper,190.0,28.0,81,0.0,0.098941872,0.0,0.0,1.261508864,0.259722413,7277,0,0,0,800000,1000000
5412,Reading FC,Goalkeeper,189.0,32.0,61,0.0,0.101066816,0.0,0.0,1.212801797,0.404267266,5343,0,0,1,250000,400000
5438,Blackpool FC,Goalkeeper,185.0,25.0,47,0.0,0.064903846,0.0,0.0,1.211538462,0.346153846,4160,62,12,1,500000,800000
5439,Blackpool FC,Goalkeeper,185.0,32.0,52,0.0,0.038860104,0.0,0.0,1.593264249,0.174870466,4632,192,30,0,250000,500000
5440,Blackpool FC,Goalkeeper,187.0,28.0,3,0.0,0.0,0.0,0.0,1.730769231,0.432692308,208,0,0,0,100000,100000
5469,Bristol City,Goalkeeper,181.2403529,21.0,9,0.0,0.0,0.0,0.0,1.0,0.222222222,810,0,0,0,150000,150000
5493,Huddersfield Town,Goalkeeper,191.0,30.0,77,0.0,0.129310345,0.0,0.0,1.060344828,0.362068966,6960,147,22,1,900000,900000
5494,Huddersfield Town,Goalkeeper,183.0,28.0,4,0.0,0.0,0.0,0.0,1.5,0.5,360,0,0,0,250000,300000
5495,Huddersfield Town,Goalkeeper,194.0,20.0,10,0.0,0.0,0.0,0.0,2.140175219,0.112640801,799,0,0,0,250000,250000
5527,Rotherham United,Goalkeeper,193.0,27.0,30,0.0,0.0,0.0,0.0,0.670391061,0.502793296,2685,0,0,3,300000,400000
5528,Rotherham United,Goalkeeper,181.2403529,21.0,3,0.0,0.0,0.0,0.0,2.410714286,0.0,224,0,0,0,200000,200000
5553,Wigan Athletic,Goalkeeper,193.0,33.0,79,0.0,0.063613232,0.0,0.0,1.06870229,0.305343511,7074,90,17,8,300000,1000000
5554,Wigan Athletic,Goalkeeper,181.2403529,34.0,30,0.0,0.0,0.0,0.0,1.34529148,0.269058296,2676,0,0,2,150000,200000
5581,Middlesbrough FC,Goalkeeper,195.0,28.0,56,0.0,0.035714286,0.0,0.017857143,1.017857143,0.392857143,5040,0,0,0,300000,300000
5582,Middlesbrough FC,Goalkeeper,195.0,35.0,14,0.0,0.071428571,0.0,0.0,1.571428571,0.214285714,1260,174,5,0,150000,400000
5605,Coventry City,Goalkeeper,186.0,30.0,54,0.0,0.110429448,0.0,0.0,0.938650307,0.441717791,4890,0,0,1,900000,900000
5606,Coventry City,Goalkeeper,191.0,33.0,46,0.0,0.021582734,0.0,0.0,1.446043165,0.194244604,4170,111,17,1,300000,500000
5631,Luton Town,Goalkeeper,184.0,25.0,19,0.0,0.052447552,0.0,0.0,1.993006993,0.157342657,1716,0,0,0,400000,600000
5632,Luton Town,Goalkeeper,181.2403529,31.0,22,0.0,0.046511628,0.0,0.0,0.930232558,0.465116279,1935,0,1,1,200000,300000
5658,Swansea City,Goalkeeper,192.0,24.0,41,0.0,0.024583447,0.0,0.0,1.475006829,0.245834471,3661,228,39,1,400000,400000
5659,Swansea City,Goalkeeper,188.0,22.0,17,0.0,0.0,0.0,0.0,1.411764706,0.470588235,1530,0,0,0,300000,300000
5681,Burnley FC,Goalkeeper,189.0,20.0,9,0.0,0.0,0.0,0.0,1.111111111,0.333333333,810,0,0,3,250000,250000
5707,Watford FC,Goalkeeper,193.0,35.0,24,0.0,0.0,0.0,0.0,1.315068493,0.369863014,2190,267,36,1,200000,750000
5735,Sheffield United,Goalkeeper,185.0,32.0,80,0.0,0.037788663,0.0,0.025192442,0.869139258,0.466060182,7145,17,3,3,700000,700000
5736,Sheffield United,Goalkeeper,185.0,30.0,25,0.0,0.121021963,0.0,0.0,0.927835052,0.36306589,2231,88,17,1,500000,750000
5763,Blackburn Rovers,Goalkeeper,185.0,25.0,32,0.0,0.0,0.0,0.0,1.19831815,0.34688157,2854,0,0,0,900000,1000000
5764,Blackburn Rovers,Goalkeeper,195.0,23.0,27,0.0,0.0,0.0,0.0,1.185185185,0.259259259,2430,0,0,1,150000,150000
5790,Norwich City,Goalkeeper,193.0,35.0,48,0.0,0.0625,0.0,0.0,1.729166667,0.229166667,4320,795,76,5,600000,9000000
5791,Norwich City,Goalkeeper,190.0,38.0,2,0.0,0.5,0.0,0.0,1.5,0.5,180,96,20,4,150000,500000
5815,Trabzonspor,Goalkeeper,186.0,22.0,6,0.0,0.0,0.0,0.0,1.691022965,0.375782881,479,118,18,2,200000,300000
5816,Trabzonspor,Goalkeeper,193.0,20.0,25,0.0,0.0,0.0,0.0,1.2,0.44,2250,54,12,3,75000,125000
5817,Trabzonspor,Goalkeeper,192.0,20.0,21,0.0,0.1,0.05,0.0,0.95,0.5,1800,10,2,2,50000,75000
5846,Besiktas JK,Goalkeeper,188.0,19.0,13,0.0,0.153846154,0.0,0.0,1.230769231,0.307692308,1170,0,0,3,150000,175000
5847,Besiktas JK,Goalkeeper,192.0,25.0,2,0.0,0.0,0.0,0.0,0.0,1.0,180,25,4,3,50000,800000
5874,Basaksehir FK,Goalkeeper,192.0,34.0,63,0.0,0.047368421,0.0,0.0,0.947368421,0.315789474,5700,46,6,5,350000,8000000
5875,Basaksehir FK,Goalkeeper,194.0,17.0,1,0.0,0.0,0.0,0.0,1.0,0.0,90,0,0,1,50000,50000
5876,Basaksehir FK,Goalkeeper,198.0,17.0,41,0.0,0.047619048,0.0,0.0,1.476190476,0.261904762,3780,0,0,1,50000,50000
5903,Antalyaspor,Goalkeeper,190.0,29.0,50,0.0,0.080231781,0.020057945,0.0,1.143302875,0.320927123,4487,0,0,2,325000,600000
5904,Antalyaspor,Goalkeeper,186.0,23.0,3,0.0,0.0,0.0,0.0,0.807174888,0.807174888,223,18,3,0,300000,650000
5933,Adana Demirspor,Goalkeeper,187.0,33.0,62,0.0,0.064724919,0.0,0.0,1.488673139,0.226537217,5562,141,24,0,750000,750000
5934,Adana Demirspor,Goalkeeper,196.0,26.0,23,0.0,0.0,0.0,0.0,0.782608696,0.47826087,2070,165,21,1,125000,1000000
5935,Adana Demirspor,Goalkeeper,185.0,25.0,8,0.0,0.12,0.0,0.0,0.6,0.48,750,0,0,1,50000,100000
5962,Alanyaspor,Goalkeeper,195.0,23.0,11,0.0,0.0,0.0,0.0,1.790575916,0.282722513,955,12,3,0,75000,100000
5963,Alanyaspor,Goalkeeper,190.0,25.0,3,0.0,0.0,0.0,0.0,1.666666667,0.666666667,270,0,0,0,25000,50000
5964,Alanyaspor,Goalkeeper,193.0,26.0,3,0.0,0.0,0.0,0.0,1.062992126,0.0,254,0,0,0,50000,75000
5992,Kasimpasa,Goalkeeper,194.0,22.0,17,0.0,0.0,0.0,0.0,1.92,0.12,1500,10,2,0,450000,450000
5993,Kasimpasa,Goalkeeper,191.0,33.0,47,0.0,0.086496877,0.0,0.0,1.535319558,0.23786641,4162,237,38,1,100000,2800000
5994,Kasimpasa,Goalkeeper,190.0,20.0,27,0.0,0.161870504,0.0,0.0,1.214028777,0.445143885,2224,10,0,0,50000,50000
5995,Kasimpasa,Goalkeeper,187.0,22.0,29,0.0,0.034992224,0.0,0.034992224,0.804821151,0.34992224,2572,0,0,0,50000,50000
6025,Konyaspor,Goalkeeper,190.0,28.0,28,0.0,0.034883721,0.0,0.0,1.534883721,0.209302326,2580,86,11,0,300000,750000
6026,Konyaspor,Goalkeeper,181.2403529,18.0,21,0.0,0.0,0.0,0.048076923,1.105769231,0.240384615,1872,0,0,0,50000,50000
6027,Konyaspor,Goalkeeper,193.0,18.0,39,0.0,0.103926097,0.0,0.0,1.03926097,0.415704388,3464,0,0,0,50000,50000
6054,MKE Ankaragücü,Goalkeeper,190.0,27.0,26,0.0,0.086496877,0.0,0.0,1.210956271,0.475732821,2081,11,2,1,200000,300000
6055,MKE Ankaragücü,Goalkeeper,191.0,23.0,3,0.0,0.0,0.0,0.0,2.0,0.0,270,0,0,0,100000,100000
6056,MKE Ankaragücü,Goalkeeper,190.0,19.0,25,0.0,0.16064257,0.0,0.0,1.726907631,0.240963855,2241,0,0,0,75000,75000
6084,Sivasspor,Goalkeeper,187.0,32.0,76,0.0,0.078774617,0.0,0.0,1.444201313,0.223194748,6855,255,39,2,325000,800000
6085,Sivasspor,Goalkeeper,190.0,32.0,24,0.0,0.042573321,0.0,0.0,1.490066225,0.255439924,2114,174,31,1,100000,1500000
6086,Sivasspor,Goalkeeper,186.0,20.0,45,0.0,0.111111111,0.0,0.0,1.133333333,0.4,4050,0,0,0,75000,75000
6087,Sivasspor,Goalkeeper,198.0,26.0,3,0.0,0.0,0.0,0.0,1.0,0.333333333,270,13,2,1,50000,175000
6116,Kayserispor,Goalkeeper,194.0,18.0,17,0.0,0.235294118,0.0,0.0,1.882352941,0.176470588,1530,0,0,0,75000,75000
6117,Kayserispor,Goalkeeper,190.0,35.0,14,0.0,0.0,0.0,0.0,1.268656716,0.447761194,1206,276,53,3,50000,5000000
6118,Kayserispor,Goalkeeper,192.0,19.0,9,0.0,0.0,0.0,0.0,1.294117647,0.235294118,765,84,14,0,50000,50000
6143,Giresunspor,Goalkeeper,190.0,28.0,31,0.0,0.102195307,0.0,0.0,1.805450416,0.102195307,2642,0,0,0,450000,800000
6144,Giresunspor,Goalkeeper,190.0,34.0,23,0.0,0.140551796,0.0,0.0,1.592920354,0.281103592,1921,21,3,0,50000,800000
6145,Giresunspor,Goalkeeper,186.0,20.0,4,0.0,0.0,0.0,0.0,3.5,0.25,360,0,0,0,50000,50000
6146,Giresunspor,Goalkeeper,187.0,25.0,4,0.0,0.0,0.0,0.0,2.448979592,0.0,294,0,0,0,25000,25000
6168,Istanbulspor,Goalkeeper,195.0,31.0,59,0.0,0.101694915,0.0,0.0,1.457627119,0.288135593,5310,53,8,2,400000,2500000
6169,Istanbulspor,Goalkeeper,192.0,27.0,35,0.0,0.202442159,0.028920308,0.028920308,0.867609254,0.433804627,3112,0,0,0,75000,200000
6170,Istanbulspor,Goalkeeper,189.0,25.0,7,0.0,0.142857143,0.0,0.0,1.428571429,0.428571429,630,0,0,1,50000,50000
6171,Istanbulspor,Goalkeeper,190.0,18.0,28,0.0,0.071856287,0.0,0.0,1.329341317,0.28742515,2505,0,0,0,25000,50000
6202,Hatayspor,Goalkeeper,184.0,29.0,25,0.0,0.207277752,0.0,0.0,1.741133118,0.248733303,2171,64,13,3,400000,550000
6203,Hatayspor,Goalkeeper,190.0,24.0,2,0.0,0.0,0.0,0.756302521,0.756302521,0.756302521,119,69,12,0,50000,50000
6220,Fatih Karagümrük,Goalkeeper,194.0,24.0,54,0.0,0.075078206,0.0,0.0,1.632950991,0.150156413,4795,4,1,4,800000,800000
6221,Fatih Karagümrük,Goalkeeper,195.0,37.0,58,0.0,0.102837555,0.0,0.0,1.525423729,0.274233479,5251,540,49,0,100000,12000000
6222,Fatih Karagümrük,Goalkeeper,192.0,23.0,4,0.0,0.0,0.0,0.0,0.328467153,0.656934307,274,0,0,0,50000,75000
6251,Ümraniyespor,Goalkeeper,181.2403529,28.0,28,0.0,0.187734668,0.0,0.0,1.576971214,0.187734668,2397,0,0,0,600000,600000
6252,Ümraniyespor,Goalkeeper,186.0,38.0,30,0.0,0.068493151,0.0,0.0,1.506849315,0.239726027,2628,258,39,5,25000,1800000
6253,Ümraniyespor,Goalkeeper,190.0,26.0,3,0.0,0.0,0.0,0.333333333,2.333333333,0.333333333,270,0,0,0,50000,50000
6275,Fenerbahce,Goalkeeper,188.0,20.0,11,0.0,0.0,0.0,0.0,1.093922652,0.397790055,905,0,0,1,150000,150000
6302,Galatasaray,Goalkeeper,187.0,27.0,37,0.0,0.027734977,0.0,0.0,1.137134052,0.305084746,3245,97,13,2,850000,1300000
6303,Galatasaray,Goalkeeper,188.0,18.0,42,0.0,0.072424893,0.0,0.024141631,1.110515021,0.362124464,3728,0,0,2,225000,225000
6331,SK Sturm Graz,Goalkeeper,183.0,33.0,69,0.0,0.028846154,0.0,0.0,1.197115385,0.317307692,6240,124,17,3,400000,1500000
6332,SK Sturm Graz,Goalkeeper,184.0,20.0,48,0.0,0.084249941,0.0,0.021062485,1.242686637,0.315937281,4273,0,0,2,250000,250000
6333,SK Sturm Graz,Goalkeeper,183.0,26.0,2,0.0,0.0,0.0,0.0,0.5,0.5,180,44,3,2,250000,250000
6360,LASK,Goalkeeper,195.0,22.0,15,0.0,0.0,0.0,0.0,1.666666667,0.2,1350,268,44,0,500000,500000
6361,LASK,Goalkeeper,193.0,19.0,32,0.0,0.032258065,0.0,0.032258065,1.580645161,0.258064516,2790,0,0,0,100000,175000
6362,LASK,Goalkeeper,191.0,40.0,1,0.0,0.0,0.0,0.0,0.0,1.0,90,186,20,2,75000,1000000
6387,SCR Altach,Goalkeeper,195.0,21.0,10,0.0,0.0,0.0,0.0,1.4,0.2,900,35,4,0,300000,400000
6388,SCR Altach,Goalkeeper,192.0,27.0,55,0.0,0.0,0.0,0.0,1.619490497,0.181965224,4946,124,14,1,350000,500000
6389,SCR Altach,Goalkeeper,195.0,21.0,17,0.0,0.058823529,0.0,0.0,1.588235294,0.294117647,1530,141,13,0,150000,200000
6416,SC Austria Lustenau,Goalkeeper,185.0,28.0,64,0.0,0.093264249,0.0,0.0,1.29015544,0.264248705,5790,35,4,5,400000,400000
6417,SC Austria Lustenau,Goalkeeper,190.0,24.0,6,0.0,0.0,0.0,0.0,2.0,0.0,540,0,0,0,200000,300000
6418,SC Austria Lustenau,Goalkeeper,181.2403529,18.0,36,0.0,0.085173502,0.0,0.0,1.987381703,0.141955836,3170,0,0,0,25000,25000
6442,SV Ried,Goalkeeper,198.0,30.0,64,0.0,0.07826087,0.0,0.015652174,1.565217391,0.156521739,5750,412,44,0,600000,700000
6443,SV Ried,Goalkeeper,194.0,30.0,19,0.0,0.106951872,0.0,0.0,1.229946524,0.267379679,1683,384,57,2,200000,4000000
6444,SV Ried,Goalkeeper,192.0,22.0,24,0.0,0.125,0.0,0.0,1.291666667,0.291666667,2160,116,6,0,250000,250000
6445,SV Ried,Goalkeeper,191.0,20.0,49,0.0,0.082116788,0.0,0.020529197,1.888686131,0.246350365,4384,0,0,0,25000,25000
6473,TSV Hartberg,Goalkeeper,196.0,27.0,28,0.0,0.071770335,0.0,0.0,1.471291866,0.251196172,2508,0,0,1,400000,400000
6474,TSV Hartberg,Goalkeeper,189.0,24.0,48,0.0,0.020886517,0.0,0.0,1.524715711,0.1253191,4309,38,4,0,200000,350000
6475,TSV Hartberg,Goalkeeper,184.0,34.0,3,0.0,0.0,0.0,0.0,0.989010989,0.494505495,182,0,0,1,100000,200000
6476,TSV Hartberg,Goalkeeper,189.0,21.0,0,0.0,0.0,0.0,0.0,0.0,0.0,0,0,0,0,25000,25000
6506,WSG Tirol,Goalkeeper,183.0,32.0,57,0.0,0.017629775,0.0,0.017629775,1.815866797,0.211557297,5105,132,28,4,300000,400000
6507,WSG Tirol,Goalkeeper,187.0,23.0,21,0.0,0.102040816,0.0,0.0,1.37755102,0.255102041,1764,5,1,0,300000,400000
6508,WSG Tirol,Goalkeeper,181.2403529,19.0,29,0.0,0.034482759,0.0,0.0,2.034482759,0.103448276,2610,0,0,0,50000,50000
6509,WSG Tirol,Goalkeeper,188.0,24.0,9,0.0,0.117647059,0.0,0.0,2.352941176,0.117647059,765,0,0,1,25000,25000
6535,Rapid Vienna,Goalkeeper,187.0,26.0,32,0.0,0.09483667,0.0,0.0,1.390937829,0.158061117,2847,309,66,0,350000,500000
6536,Rapid Vienna,Goalkeeper,190.0,24.0,3,0.0,0.0,0.0,0.0,5.294117647,0.0,187,122,14,2,100000,150000
6566,Austria Vienna,Goalkeeper,183.0,26.0,13,0.0,0.0,0.0,0.0,1.921708185,0.240213523,1124,17,2,0,200000,300000
6567,Austria Vienna,Goalkeeper,186.0,27.0,6,0.0,0.0,0.0,0.0,2.0,0.0,540,456,50,1,75000,200000
6595,SK Austria Klagenfurt,Goalkeeper,192.0,24.0,61,0.0,0.066055046,0.0,0.016513761,1.849541284,0.148623853,5450,14,1,3,700000,700000
6596,SK Austria Klagenfurt,Goalkeeper,192.0,36.0,26,0.0,0.0,0.0,0.039387309,1.61487965,0.236323851,2285,214,25,1,150000,600000
6597,SK Austria Klagenfurt,Goalkeeper,189.0,21.0,26,0.0,0.038461538,0.0,0.0,1.346153846,0.269230769,2340,3,1,0,75000,75000
6598,SK Austria Klagenfurt,Goalkeeper,181.2403529,19.0,20,0.0,0.1,0.0,0.0,3.4,0.15,1800,0,0,0,25000,25000
6624,Wolfsberger AC,Goalkeeper,194.0,29.0,72,0.0,0.055299539,0.0,0.0,1.437788018,0.235023041,6510,508,74,4,350000,400000
6625,Wolfsberger AC,Goalkeeper,192.0,22.0,34,0.0,0.057692308,0.0,0.0,0.778846154,0.461538462,3120,103,14,0,300000,450000
6626,Wolfsberger AC,Goalkeeper,187.0,21.0,42,0.0,0.145788337,0.0,0.0,1.530777538,0.218682505,3704,0,0,0,125000,125000
6650,Red Bull Salzburg,Goalkeeper,189.0,21.0,27,0.0,0.037037037,0.0,0.0,1.444444444,0.259259259,2430,0,0,2,325000,325000
6651,Red Bull Salzburg,Goalkeeper,193.0,19.0,46,0.0,0.0,0.0,0.0,1.648351648,0.21978022,4095,0,0,3,300000,300000
6652,Red Bull Salzburg,Goalkeeper,189.0,39.0,2,0.0,0.0,0.0,0.0,0.731707317,0.731707317,123,361,50,19,100000,1500000
6681,Philadelphia Union,Goalkeeper,191.0,34.0,4,0.0,0.0,0.0,0.0,1.376146789,0.550458716,327,57,7,1,150000,850000
6682,Philadelphia Union,Goalkeeper,188.0,23.0,5,0.0,0.0,0.0,0.0,2.117647059,0.0,510,0,0,0,50000,50000
6707,FC Cincinnati,Goalkeeper,181.2403529,22.0,17,0.0,0.058823529,0.0,0.0,0.941176471,0.470588235,1530,0,0,0,500000,500000
6708,FC Cincinnati,Goalkeeper,190.0,27.0,0,0.0,0.0,0.0,0.0,0.0,0.0,0,0,0,2,275000,275000
6709,FC Cincinnati,Goalkeeper,193.0,32.0,0,0.0,0.0,0.0,0.0,0.0,0.0,0,279,14,4,150000,450000
6710,FC Cincinnati,Goalkeeper,190.0,19.0,7,0.0,0.0,0.0,0.0,2.608695652,0.0,690,0,0,0,25000,25000
6735,FC Dallas,Goalkeeper,188.0,34.0,3,0.0,0.0,0.0,0.0,1.333333333,0.0,270,18,3,7,300000,500000
6736,FC Dallas,Goalkeeper,193.0,19.0,6,0.0,0.0,0.0,0.0,1.833333333,0.166666667,540,0,0,0,25000,25000
6761,Orlando City SC,Goalkeeper,188.0,25.0,1,0.0,0.0,0.0,0.0,1.0,0.0,90,0,0,1,175000,175000
6762,Orlando City SC,Goalkeeper,188.0,31.0,0,0.0,0.0,0.0,0.0,0.0,0.0,0,28,4,3,150000,150000
6789,Los Angeles Galaxy,Goalkeeper,193.0,30.0,9,0.0,0.0,0.0,0.0,1.691275168,0.120805369,745,50,7,0,800000,800000
6790,Los Angeles Galaxy,Goalkeeper,190.0,21.0,34,0.0,0.0,0.0,0.0,1.240336134,0.423529412,2975,0,0,0,700000,700000
6791,Los Angeles Galaxy,Goalkeeper,194.0,26.0,8,0.0,0.0,0.0,0.0,1.683453237,0.388489209,695,229,30,0,200000,300000
6819,New England Revolution,Goalkeeper,188.0,23.0,4,0.0,0.230769231,0.0,0.0,2.076923077,0.230769231,390,290,26,0,150000,150000
6820,New England Revolution,Goalkeeper,191.0,31.0,2,0.0,0.0,0.0,0.0,1.5,0.5,180,14,0,0,125000,200000
6847,D.C. United,Goalkeeper,193.0,30.0,18,0.0,0.0,0.0,0.0,1.333333333,0.277777778,1620,212,24,2,800000,1300000
6848,D.C. United,Goalkeeper,191.0,29.0,0,0.0,0.0,0.0,0.0,0.0,0.0,0,175,7,6,500000,1500000
6849,D.C. United,Goalkeeper,190.0,24.0,0,0.0,0.0,0.0,0.0,0.0,0.0,0,0,0,0,150000,150000
6878,New York Red Bulls,Goalkeeper,192.0,26.0,17,0.0,0.0,0.0,0.0,0.941176471,0.235294118,1530,0,0,5,600000,600000
6879,New York Red Bulls,Goalkeeper,192.0,32.0,0,0.0,0.0,0.0,0.0,0.0,0.0,0,386,41,3,150000,300000
6880,New York Red Bulls,Goalkeeper,191.0,23.0,10,0.0,0.0,0.0,0.0,0.909090909,0.363636364,990,0,0,0,150000,150000
6908,Portland Timbers,Goalkeeper,188.0,29.0,12,0.0,0.0,0.0,0.0,1.583333333,0.166666667,1080,216,29,3,500000,500000
6909,Portland Timbers,Goalkeeper,188.0,33.0,5,0.0,0.0,0.0,0.0,1.0,0.6,450,40,7,1,150000,600000
6910,Portland Timbers,Goalkeeper,200.0,21.0,0,0.0,0.0,0.0,0.0,0.0,0.0,0,0,0,0,100000,100000
6936,Columbus Crew,Goalkeeper,190.0,34.0,3,0.0,0.0,0.0,0.0,1.0,0.333333333,270,85,16,4,600000,4500000
6937,Columbus Crew,Goalkeeper,188.0,37.0,0,0.0,0.0,0.0,0.0,0.0,0.0,0,12,2,4,150000,700000
6938,Columbus Crew,Goalkeeper,187.0,23.0,7,0.0,0.0,0.0,0.0,1.363636364,0.409090909,660,0,0,1,125000,125000
6939,Columbus Crew,Goalkeeper,193.0,22.0,14,0.0,0.071428571,0.0,0.0,1.571428571,0.214285714,1260,0,0,0,75000,75000
6965,Charlotte FC,Goalkeeper,193.0,27.0,3,0.0,0.0,0.0,0.0,2.333333333,0.0,270,261,21,1,400000,800000
6966,Charlotte FC,Goalkeeper,185.0,23.0,7,0.0,0.142857143,0.0,0.0,1.714285714,0.142857143,630,23,6,0,75000,75000
6967,Charlotte FC,Goalkeeper,193.0,22.0,7,0.0,0.0,0.0,0.0,1.363636364,0.136363636,660,0,0,0,25000,25000
6998,Sporting Kansas City,Goalkeeper,188.0,22.0,5,0.0,0.0,0.0,0.0,1.4,0.4,450,0,0,0,500000,500000
6999,Sporting Kansas City,Goalkeeper,185.0,37.0,7,0.0,0.0,0.0,0.0,1.330049261,0.295566502,609,358,35,2,250000,1000000
7000,Sporting Kansas City,Goalkeeper,180.0,29.0,7,0.0,0.160427807,0.0,0.0,1.443850267,0.160427807,561,123,16,1,200000,250000
7029,Colorado Rapids,Goalkeeper,188.0,34.0,17,0.0,0.0,0.0,0.0,1.352941176,0.294117647,1530,0,0,2,650000,2000000
7030,Colorado Rapids,Goalkeeper,173.0,20.0,3,0.0,0.0,0.0,0.0,0.857142857,0.428571429,210,0,0,0,175000,175000
7061,Vancouver Whitecaps FC,Goalkeeper,188.0,23.0,4,0.0,0.0,0.0,0.245231608,1.716621253,0.245231608,367,509,43,2,500000,500000
7062,Vancouver Whitecaps FC,Goalkeeper,188.0,21.0,0,0.0,0.0,0.0,0.0,0.0,0.0,0,0,0,2,400000,400000
7063,Vancouver Whitecaps FC,Goalkeeper,191.0,18.0,5,0.0,0.0,0.0,0.0,1.5,0.1875,480,0,0,0,100000,100000
7087,Chicago Fire FC,Goalkeeper,187.0,30.0,2,0.0,0.0,0.0,0.0,3.0,0.0,180,0,0,0,350000,350000
7088,Chicago Fire FC,Goalkeeper,185.0,31.0,4,0.0,0.0,0.0,0.0,1.090909091,0.272727273,330,92,12,1,200000,800000
7116,Inter Miami CF,Goalkeeper,191.0,25.0,17,0.0,0.0,0.0,0.0,1.411764706,0.117647059,1530,0,0,0,800000,800000
7117,Inter Miami CF,Goalkeeper,188.0,32.0,0,0.0,0.0,0.0,0.0,0.0,0.0,0,235,29,1,600000,2500000
7118,Inter Miami CF,Goalkeeper,194.0,22.0,0,0.0,0.0,0.0,0.0,0.0,0.0,0,0,0,0,150000,150000
7119,Inter Miami CF,Goalkeeper,195.0,22.0,2,0.0,0.0,0.0,0.0,3.0,0.0,180,0,0,0,25000,25000
7147,Minnesota United FC,Goalkeeper,196.0,28.0,0,0.0,0.0,0.0,0.0,0.0,0.0,0,0,0,0,175000,175000
7148,Minnesota United FC,Goalkeeper,191.0,34.0,1,0.0,0.0,0.0,0.0,1.0,0.0,90,98,7,5,150000,600000
7149,Minnesota United FC,Goalkeeper,195.0,19.0,12,0.0,0.0,0.0,0.0,2.384615385,0.076923077,1170,0,0,0,100000,100000
7174,Houston Dynamo FC,Goalkeeper,190.0,37.0,16,0.0,0.1875,0.0,0.0,1.3125,0.375,1440,45,10,1,200000,900000
7175,Houston Dynamo FC,Goalkeeper,190.0,29.0,0,0.0,0.0,0.0,0.0,0.0,0.0,0,0,0,1,150000,500000
7176,Houston Dynamo FC,Goalkeeper,195.0,19.0,7,0.0,0.142857143,0.0,0.0,1.142857143,0.142857143,630,0,0,0,50000,50000
7205,St. Louis CITY SC,Goalkeeper,198.0,27.0,0,0.0,0.0,0.0,0.0,0.0,0.0,0,0,0,1,200000,200000
7206,St. Louis CITY SC,Goalkeeper,188.0,25.0,2,0.0,0.0,0.0,0.0,1.125,0.0,240,0,0,0,50000,50000
7232,CF Montréal,Goalkeeper,191.0,26.0,2,0.0,0.0,0.0,0.0,2.601156069,0.0,173,513,13,2,400000,400000
7233,CF Montréal,Goalkeeper,183.0,21.0,16,0.0,0.0,0.0,0.0,1.459100958,0.464259396,1357,0,0,0,200000,200000
7234,CF Montréal,Goalkeeper,190.0,29.0,0,0.0,0.0,0.0,0.0,0.0,0.0,0,0,0,0,125000,175000
7260,Real Salt Lake City,Goalkeeper,185.0,31.0,14,0.0,0.0,0.0,0.0,1.407407407,0.296296296,1215,30,5,0,300000,675000
7261,Real Salt Lake City,Goalkeeper,188.0,30.0,0,0.0,0.0,0.0,0.0,0.0,0.0,0,89,8,0,175000,200000
7262,Real Salt Lake City,Goalkeeper,196.0,18.0,4,0.0,0.0,0.0,0.0,2.292993631,0.286624204,314,0,0,0,75000,75000
7291,Nashville SC,Goalkeeper,193.0,34.0,17,0.0,0.0,0.0,0.0,0.705882353,0.352941176,1530,28,3,2,450000,550000
7292,Nashville SC,Goalkeeper,195.0,26.0,0,0.0,0.0,0.0,0.0,0.0,0.0,0,0,0,0,150000,150000
7293,Nashville SC,Goalkeeper,198.0,20.0,7,0.0,0.0,0.0,0.0,2.181818182,0.0,660,0,0,0,50000,50000
7322,San Jose Earthquakes,Goalkeeper,185.0,26.0,11,0.0,0.0,0.0,0.0,1.363636364,0.272727273,990,0,0,0,900000,1000000
7323,San Jose Earthquakes,Goalkeeper,188.0,18.0,8,0.0,0.230769231,0.0,0.0,1.153846154,0.230769231,780,0,0,0,100000,100000
7351,Seattle Sounders FC,Goalkeeper,195.0,37.0,27,0.0,0.037037037,0.0,0.0,0.851851852,0.481481481,2430,346,59,8,400000,1000000
7352,Seattle Sounders FC,Goalkeeper,188.0,29.0,0,0.0,0.0,0.0,0.0,0.0,0.0,0,0,0,1,400000,400000
7353,Seattle Sounders FC,Goalkeeper,188.0,24.0,9,0.0,0.1,0.0,0.0,1.3,0.1,900,139,19,0,50000,50000
7354,Seattle Sounders FC,Goalkeeper,193.0,23.0,1,0.0,0.0,0.0,0.0,0.75,0.0,120,0,0,0,50000,50000
7378,Atlanta United FC,Goalkeeper,185.0,29.0,2,0.0,0.671641791,0.0,0.0,2.686567164,0.0,134,30,4,1,200000,500000
7379,Atlanta United FC,Goalkeeper,183.0,37.0,6,0.0,0.0,0.0,0.0,1.818181818,0.363636364,495,73,14,1,150000,600000
7380,Atlanta United FC,Goalkeeper,193.0,38.0,11,0.0,0.090909091,0.0,0.0,1.363636364,0.272727273,990,337,38,6,100000,5000000
7406,New York City FC,Goalkeeper,188.0,26.0,16,0.0,0.125,0.0,0.0,1.1875,0.1875,1440,0,0,2,300000,300000
7407,New York City FC,Goalkeeper,193.0,24.0,1,0.0,0.0,0.0,0.0,3.0,0.0,90,83,11,1,200000,200000
7408,New York City FC,Goalkeeper,183.0,31.0,0,0.0,0.0,0.0,0.0,0.0,0.0,0,0,0,2,100000,275000
7434,Austin FC,Goalkeeper,191.0,32.0,19,0.0,0.0,0.0,0.0,1.578947368,0.210526316,1710,62,10,0,800000,800000
7435,Austin FC,Goalkeeper,185.0,30.0,0,0.0,0.0,0.0,0.0,0.0,0.0,0,0,0,0,150000,200000
7436,Austin FC,Goalkeeper,185.0,21.0,15,0.0,0.0625,0.0,0.0,0.5625,0.3125,1440,82,10,1,50000,50000
7464,Los Angeles FC,Goalkeeper,190.0,30.0,20,0.0,0.0,0.0,0.0,0.95,0.45,1800,24,2,2,350000,350000
7465,Los Angeles FC,Goalkeeper,189.0,25.0,5,0.0,0.0,0.0,0.0,0.967741935,0.193548387,465,0,0,0,225000,225000
7466,Los Angeles FC,Goalkeeper,191.0,38.0,2,0.0,0.0,0.0,0.0,0.5,0.5,180,0,0,2,200000,1500000
7490,Toronto FC,Goalkeeper,188.0,29.0,1,0.0,0.0,0.0,0.0,0.75,0.0,120,0,0,2,150000,300000
7491,Toronto FC,Goalkeeper,184.0,22.0,0,0.0,0.0,0.0,0.0,0.0,0.0,0,0,0,2,150000,150000
7518,CA Vélez Sarsfield,Goalkeeper,188.0,39.0,12,0.0,0.0,0.0,0.0,0.956521739,0.347826087,1035,25,5,4,325000,1100000
7543,CA San Lorenzo de Almagro,Goalkeeper,191.0,22.0,0,0.0,0.0,0.0,0.0,0.0,0.0,0,0,0,0,100000,100000
7571,Club Atlético Lanús,Goalkeeper,187.0,28.0,17,0.0,0.118811881,0.0,0.0,0.891089109,0.415841584,1515,306,0,0,400000,500000
7598,Defensa y Justicia,Goalkeeper,188.0,41.0,0,0.0,0.0,0.0,0.0,0.0,0.0,0,190,24,11,75000,1300000
7625,Club Estudiantes de La Plata,Goalkeeper,194.0,39.0,4,0.0,0.255681818,0.255681818,0.0,0.255681818,0.767045455,352,71,1,2,700000,4500000
7626,Club Estudiantes de La Plata,Goalkeeper,193.0,28.0,2,0.0,0.0,0.0,0.0,0.0,1.914893617,94,0,0,0,500000,750000
7627,Club Estudiantes de La Plata,Goalkeeper,187.0,21.0,0,0.0,0.0,0.0,0.0,0.0,0.0,0,0,0,0,25000,25000
7651,CA Newell's Old Boys,Goalkeeper,183.0,34.0,20,0.0,0.15,0.0,0.0,0.8,0.5,1800,0,0,0,600000,1000000
7652,CA Newell's Old Boys,Goalkeeper,195.0,24.0,0,0.0,0.0,0.0,0.0,0.0,0.0,0,0,0,0,250000,250000
7682,CA Colon,Goalkeeper,190.0,36.0,0,0.0,0.0,0.0,0.0,0.0,0.0,0,0,0,1,75000,850000
7706,CA Rosario Central,Goalkeeper,190.0,37.0,16,0.0,0.1875,0.0,0.0,1.0625,0.4375,1440,0,0,2,150000,1300000
7735,CA Banfield,Goalkeeper,184.0,22.0,0,0.0,0.0,0.0,0.0,0.0,0.0,0,15,0,0,25000,25000
7763,Club de Gimnasia y Esgrima La Plata,Goalkeeper,185.0,24.0,4,0.0,0.0,0.0,0.0,0.75,0.5,360,0,0,0,800000,800000
7764,Club de Gimnasia y Esgrima La Plata,Goalkeeper,179.0,28.0,1,0.0,0.0,0.0,0.0,2.0,0.0,90,0,0,0,50000,75000
7794,Club Atlético Tucumán,Goalkeeper,186.0,27.0,19,0.0,0.052631579,0.0,0.0,1.157894737,0.263157895,1710,0,0,0,500000,500000
7795,Club Atlético Tucumán,Goalkeeper,183.0,33.0,0,0.0,0.0,0.0,0.0,0.0,0.0,0,0,0,0,200000,800000
7818,CD Godoy Cruz Antonio Tomba,Goalkeeper,193.0,29.0,0,0.0,0.0,0.0,0.0,0.0,0.0,0,99,16,0,300000,300000
7819,CD Godoy Cruz Antonio Tomba,Goalkeeper,184.0,33.0,27,0.0,0.113207547,0.0,0.0,1.094339623,0.377358491,2385,0,0,0,300000,2800000
7842,Club Atlético Unión,Goalkeeper,188.0,32.0,3,0.0,0.0,0.0,0.0,2.666666667,0.0,270,0,0,0,550000,750000
7866,Club Atlético Platense,Goalkeeper,185.0,26.0,15,0.0,0.0,0.0,0.0,0.866666667,0.466666667,1350,231,45,0,850000,850000
7867,Club Atlético Platense,Goalkeeper,185.0,31.0,1,0.0,0.0,0.0,0.0,0.0,1.0,90,0,0,0,500000,500000
7868,Club Atlético Platense,Goalkeeper,188.0,36.0,0,0.0,0.0,0.0,0.0,0.0,0.0,0,0,0,0,75000,600000
7869,Club Atlético Platense,Goalkeeper,181.2403529,22.0,0,0.0,0.0,0.0,0.0,0.0,0.0,0,0,0,0,25000,25000
7894,Instituto AC Córdoba,Goalkeeper,185.0,23.0,4,0.0,0.0,0.0,0.0,1.97080292,0.328467153,274,0,0,0,625000,3000000
7895,Instituto AC Córdoba,Goalkeeper,193.0,33.0,0,0.0,0.0,0.0,0.0,0.0,0.0,0,0,0,0,100000,150000
7896,Instituto AC Córdoba,Goalkeeper,185.0,42.0,17,0.0,0.059093894,0.0,0.059093894,1.181877873,0.295469468,1523,0,0,0,25000,300000
7897,Instituto AC Córdoba,Goalkeeper,185.0,23.0,1,0.0,0.0,0.0,0.0,0.0,18.0,5,0,0,0,25000,25000
7925,CA Sarmiento (Junin),Goalkeeper,181.2403529,21.0,0,0.0,0.0,0.0,0.0,0.0,0.0,0,0,0,0,25000,25000
7955,CA Central Córdoba (SdE),Goalkeeper,192.0,27.0,1,0.0,0.0,0.0,0.0,0.0,1.0,90,0,0,1,225000,250000
7982,CA Barracas Central,Goalkeeper,190.0,19.0,0,0.0,0.0,0.0,0.0,0.0,0.0,0,0,0,0,250000,250000
7983,CA Barracas Central,Goalkeeper,183.0,33.0,17,0.0,0.0,0.0,0.0,1.176470588,0.352941176,1530,0,0,0,150000,150000
7984,CA Barracas Central,Goalkeeper,180.0,29.0,0,0.0,0.0,0.0,0.0,0.0,0.0,0,0,0,0,100000,100000
7985,CA Barracas Central,Goalkeeper,192.0,25.0,3,0.0,0.0,0.0,0.0,2.0,0.333333333,270,0,0,0,50000,125000
8011,Arsenal Fútbol Club,Goalkeeper,182.0,36.0,20,0.0,0.2,0.0,0.0,1.35,0.1,1800,0,0,0,175000,250000
8012,Arsenal Fútbol Club,Goalkeeper,185.0,24.0,0,0.0,1.0,0.0,0.0,0.0,0.0,0,0,0,0,75000,75000
8040,Club Atlético Talleres,Goalkeeper,181.0,32.0,0,0.0,0.0,0.0,0.0,0.0,0.0,0,78,11,0,300000,1500000
8067,Club Atlético Belgrano,Goalkeeper,188.0,30.0,18,0.0,0.0,0.0,0.057215512,0.743801653,0.629370629,1573,0,0,1,750000,750000
8068,Club Atlético Belgrano,Goalkeeper,187.0,32.0,2,0.0,0.0,0.0,0.0,1.333333333,0.666666667,135,0,0,1,300000,450000
8069,Club Atlético Belgrano,Goalkeeper,181.2403529,23.0,0,0.0,0.0,0.0,0.0,0.0,0.0,0,0,0,1,25000,25000
8096,AA Argentinos Juniors,Goalkeeper,185.0,30.0,7,0.0,0.142857143,0.0,0.0,0.714285714,0.428571429,630,0,0,0,700000,1500000
8097,AA Argentinos Juniors,Goalkeeper,185.0,30.0,13,0.0,0.076923077,0.0,0.0,0.923076923,0.461538462,1170,227,19,0,650000,650000
8098,AA Argentinos Juniors,Goalkeeper,189.0,21.0,0,0.0,0.0,0.0,0.0,0.0,0.0,0,0,0,0,25000,25000
8127,CA Independiente,Goalkeeper,191.0,23.0,0,0.0,0.0,0.0,0.0,0.0,0.0,0,0,0,0,25000,25000
8151,Club Atlético Tigre,Goalkeeper,179.0,34.0,20,0.0,0.05,0.0,0.0,1.15,0.25,1800,165,19,2,325000,350000
8152,Club Atlético Tigre,Goalkeeper,195.0,19.0,0,0.0,0.0,0.0,0.0,0.0,0.0,0,0,0,0,300000,300000
8178,CA River Plate,Goalkeeper,184.0,26.0,0,0.0,0.0,0.0,1.0,0.0,0.0,0,0,0,0,750000,750000
8179,CA River Plate,Goalkeeper,187.0,24.0,1,0.0,0.0,0.0,0.0,0.0,1.0,90,14,1,0,50000,100000
8208,CA Boca Juniors,Goalkeeper,192.0,36.0,33,0.0,0.090909091,0.0,0.0,1.454545455,0.272727273,2970,394,48,10,400000,7000000
8209,CA Boca Juniors,Goalkeeper,191.0,20.0,0,0.0,0.0,0.0,0.0,0.0,0.0,0,0,0,1,200000,200000
8210,CA Boca Juniors,Goalkeeper,180.0,36.0,5,0.0,0.0,0.0,0.0,1.0,0.4,450,35,8,9,75000,900000
8242,CA Huracán,Goalkeeper,188.0,26.0,0,0.0,0.0,0.0,0.0,0.0,0.0,0,0,0,0,350000,400000
8243,CA Huracán,Goalkeeper,191.0,31.0,0,0.0,0.0,0.0,0.0,0.0,0.0,0,0,0,0,75000,75000
8270,Racing Club,Goalkeeper,194.0,25.0,1,0.0,0.0,0.0,0.0,1.0,0.0,90,0,0,2,200000,200000
8295,Kawasaki Frontale,Goalkeeper,181.0,33.0,8,0.0,0.0,0.0,0.0,0.75,0.5,720,0,0,2,500000,700000
8296,Kawasaki Frontale,Goalkeeper,191.0,38.0,14,0.0,0.0,0.0,0.0,1.142857143,0.357142857,1260,92,17,10,225000,1650000
8297,Kawasaki Frontale,Goalkeeper,185.0,32.0,0,0.0,0.0,0.0,0.0,0.0,0.0,0,53,9,6,50000,400000
8298,Kawasaki Frontale,Goalkeeper,184.0,24.0,0,0.0,0.0,0.0,0.0,0.0,0.0,0,0,0,0,50000,50000
8329,Yokohama F. Marinos,Goalkeeper,182.0,31.0,14,0.0,0.0,0.0,0.0,1.357142857,0.142857143,1260,469,71,1,250000,600000
8330,Yokohama F. Marinos,Goalkeeper,193.0,25.0,2,0.0,0.0,0.0,0.0,0.5,0.5,180,0,0,3,200000,300000
8331,Yokohama F. Marinos,Goalkeeper,180.0,26.0,0,0.0,0.0,0.0,0.0,0.0,0.0,0,0,0,2,175000,175000
8332,Yokohama F. Marinos,Goalkeeper,181.0,37.0,4,0.0,0.0,0.0,0.0,1.176470588,0.588235294,306,211,34,3,100000,750000
8366,Cerezo Osaka,Goalkeeper,195.0,31.0,2,0.0,0.0,0.0,0.0,0.671641791,0.671641791,134,0,0,1,600000,1200000
8367,Cerezo Osaka,Goalkeeper,193.0,35.0,14,0.0,0.0,0.0,0.0,1.037037037,0.37037037,1215,247,39,4,300000,1250000
8368,Cerezo Osaka,Goalkeeper,183.0,34.0,2,0.0,0.0,0.0,0.0,2.0,0.0,180,0,0,0,125000,500000
8369,Cerezo Osaka,Goalkeeper,184.0,24.0,0,0.0,0.0,0.0,0.0,0.0,0.0,0,0,0,0,50000,50000
8370,Cerezo Osaka,Goalkeeper,190.0,17.0,4,0.0,0.0,0.0,0.0,4.205607477,1.682242991,107,0,0,0,0,0
8403,Kyoto Sanga,Goalkeeper,190.0,30.0,25,0.0,0.04,0.0,0.0,1.72,0.24,2250,645,84,3,900000,2500000
8404,Kyoto Sanga,Goalkeeper,185.0,23.0,14,0.0,0.0,0.0,0.0,1.5,0.142857143,1260,47,8,0,350000,550000
8405,Kyoto Sanga,Goalkeeper,196.0,24.0,14,0.0,0.073051948,0.0,0.0,2.118506494,0.073051948,1232,137,10,2,300000,500000
8406,Kyoto Sanga,Goalkeeper,190.0,32.0,3,0.0,0.0,0.0,0.0,2.333333333,0.0,270,0,0,0,50000,50000
8440,FC Tokyo,Goalkeeper,190.0,31.0,17,0.0,0.058823529,0.0,0.0,1.647058824,0.117647059,1530,55,8,0,900000,900000
8441,FC Tokyo,Goalkeeper,193.0,20.0,0,0.0,0.0,0.0,0.0,0.0,0.0,0,0,0,1,200000,200000
8442,FC Tokyo,Goalkeeper,183.0,35.0,1,0.0,0.0,0.0,0.0,1.0,0.0,90,0,0,1,50000,400000
8443,FC Tokyo,Goalkeeper,190.0,17.0,8,0.0,0.0,0.0,0.0,1.75,0.25,720,0,0,0,0,0
8444,FC Tokyo,Goalkeeper,191.0,17.0,0,0.0,0.0,0.0,0.0,0.0,0.0,0,0,0,0,0,0
8477,Nagoya Grampus,Goalkeeper,193.0,34.0,17,0.0,0.058823529,0.0,0.0,0.823529412,0.352941176,1530,261,29,10,600000,2500000
8478,Nagoya Grampus,Goalkeeper,187.0,29.0,0,0.0,0.0,0.0,0.0,0.0,0.0,0,103,16,2,200000,200000
8479,Nagoya Grampus,Goalkeeper,190.0,35.0,0,0.0,0.0,0.0,0.0,0.0,0.0,0,35,7,1,50000,200000
8480,Nagoya Grampus,Goalkeeper,188.0,22.0,0,0.0,0.0,0.0,0.0,0.0,0.0,0,0,0,0,10000,50000
8512,Kashiwa Reysol,Goalkeeper,185.0,21.0,3,0.0,0.0,0.0,0.0,1.333333333,0.0,270,0,0,1,350000,350000
8513,Kashiwa Reysol,Goalkeeper,191.0,32.0,3,0.0,0.0,0.0,0.0,2.333333333,0.0,270,14,3,1,150000,600000
8514,Kashiwa Reysol,Goalkeeper,191.0,24.0,0,0.0,0.0,0.0,0.0,0.0,0.0,0,0,0,0,50000,50000
8515,Kashiwa Reysol,Goalkeeper,184.0,18.0,7,0.0,0.0,0.0,0.0,1.857142857,0.142857143,630,0,0,0,50000,50000
8516,Kashiwa Reysol,Goalkeeper,185.0,26.0,11,0.0,0.0,0.0,0.0,1.545454545,0.181818182,990,91,4,0,50000,50000
8549,Yokohama FC,Goalkeeper,188.0,26.0,9,0.0,0.0,0.0,0.0,1.444444444,0.333333333,810,236,33,0,500000,500000
8550,Yokohama FC,Goalkeeper,184.0,28.0,5,0.0,0.0,0.0,0.0,2.374100719,0.0,417,56,11,0,125000,300000
8551,Yokohama FC,Goalkeeper,188.0,36.0,0,0.0,0.0,0.0,0.0,0.0,0.0,0,306,47,1,125000,1000000
8552,Yokohama FC,Goalkeeper,190.0,24.0,2,0.0,0.0,0.0,0.0,2.0,0.0,180,0,0,0,100000,100000
8586,Avispa Fukuoka,Goalkeeper,185.0,30.0,7,0.0,0.0,0.0,0.0,1.428571429,0.285714286,630,42,8,0,600000,600000
8587,Avispa Fukuoka,Goalkeeper,191.0,27.0,10,0.0,0.1,0.0,0.0,1.2,0.3,900,358,82,0,150000,150000
8588,Avispa Fukuoka,Goalkeeper,184.0,28.0,0,0.0,0.0,0.0,0.0,0.0,0.0,0,0,0,4,125000,125000
8589,Avispa Fukuoka,Goalkeeper,186.0,24.0,1,0.0,0.0,0.0,0.0,0.0,1.0,90,0,0,0,50000,50000
8590,Avispa Fukuoka,Goalkeeper,186.0,21.0,1,0.0,0.0,0.0,0.0,2.25,0.0,120,0,0,0,0,0
8618,Sagan Tosu,Goalkeeper,180.0,33.0,17,0.0,0.0,0.0,0.0,1.235294118,0.294117647,1530,127,18,2,650000,750000
8619,Sagan Tosu,Goalkeeper,181.0,29.0,0,0.0,0.0,0.0,0.0,0.0,0.0,0,92,12,1,200000,200000
8620,Sagan Tosu,Goalkeeper,192.0,20.0,0,0.0,0.0,0.0,0.0,0.0,0.0,0,122,15,0,50000,50000
8621,Sagan Tosu,Goalkeeper,191.0,21.0,0,0.0,0.0,0.0,0.0,0.0,0.0,0,0,0,0,0,0
8622,Sagan Tosu,Goalkeeper,184.0,40.0,1,0.0,0.0,0.0,0.0,1.0,0.0,90,0,0,2,0,400000
8658,Vissel Kobe,Goalkeeper,185.0,24.0,2,0.0,0.0,0.0,0.0,3.5,0.0,180,0,0,0,800000,800000
8659,Vissel Kobe,Goalkeeper,191.0,28.0,22,0.0,0.0,0.0,0.0,0.940298507,0.447761194,2010,0,0,2,300000,400000
8660,Vissel Kobe,Goalkeeper,183.0,23.0,0,0.0,0.0,0.0,0.0,0.0,0.0,0,0,0,0,75000,75000
8661,Vissel Kobe,Goalkeeper,186.0,33.0,0,0.0,0.0,0.0,0.0,0.0,0.0,0,0,0,3,50000,175000
8662,Vissel Kobe,Goalkeeper,183.0,15.0,5,0.0,0.0,0.0,0.0,1.0,0.4,450,0,0,0,0,0
8697,Hokkaido Consadole Sapporo,Goalkeeper,197.0,28.0,8,0.0,0.0,0.0,0.0,2.25,0.125,720,171,12,4,700000,1400000
8698,Hokkaido Consadole Sapporo,Goalkeeper,185.0,34.0,0,0.0,0.0,0.0,0.0,0.0,0.0,0,77,13,2,100000,500000
8699,Hokkaido Consadole Sapporo,Goalkeeper,183.0,30.0,0,0.0,0.0,0.0,0.0,0.0,0.0,0,0,0,0,75000,200000
8700,Hokkaido Consadole Sapporo,Goalkeeper,178.0,39.0,9,0.0,0.0,0.0,0.0,1.555555556,0.111111111,810,104,21,6,50000,1200000
8731,Shonan Bellmare,Goalkeeper,183.0,33.0,2,0.0,0.0,0.0,0.0,1.5,0.0,180,50,10,1,100000,200000
8732,Shonan Bellmare,Goalkeeper,187.0,28.0,0,0.0,0.0,0.0,0.0,0.0,0.0,0,0,0,0,50000,50000
8733,Shonan Bellmare,Goalkeeper,188.0,26.0,0,0.0,0.0,0.0,0.0,0.0,0.0,0,62,8,0,50000,50000
8764,Albirex Niigata,Goalkeeper,183.0,26.0,13,0.0,0.0,0.0,0.0,1.692307692,0.153846154,1170,195,26,1,450000,450000
8765,Albirex Niigata,Goalkeeper,186.0,25.0,4,0.0,0.0,0.0,0.0,1.5,0.25,360,0,0,1,225000,350000
8766,Albirex Niigata,Goalkeeper,187.0,34.0,0,0.0,0.0,0.0,0.0,0.0,0.0,0,31,5,1,25000,50000
8767,Albirex Niigata,Goalkeeper,187.0,20.0,0,0.0,0.0,0.0,0.0,0.0,0.0,0,0,0,1,25000,25000
8768,Albirex Niigata,Goalkeeper,189.0,16.0,1,0.0,0.0,0.0,0.0,2.045454545,0.0,44,0,0,0,0,0
8796,Kashima Antlers,Goalkeeper,184.0,23.0,0,0.0,0.0,0.0,0.0,0.0,0.0,0,0,0,0,450000,650000
8797,Kashima Antlers,Goalkeeper,186.0,24.0,17,0.0,0.058823529,0.0,0.0,0.941176471,0.529411765,1530,0,0,0,125000,125000
8798,Kashima Antlers,Goalkeeper,184.0,38.0,2,0.0,0.0,0.0,0.0,0.5,0.5,180,183,38,7,50000,1000000
8799,Kashima Antlers,Goalkeeper,192.0,19.0,0,0.0,0.0,0.0,0.0,0.0,0.0,0,0,0,0,0,25000
8830,Sanfrecce Hiroshima,Goalkeeper,187.0,27.0,0,0.0,0.0,0.0,0.0,0.0,0.0,0,0,0,1,350000,350000
8831,Sanfrecce Hiroshima,Goalkeeper,192.0,32.0,0,0.0,0.0,0.0,0.0,0.0,0.0,0,0,0,1,50000,100000
8832,Sanfrecce Hiroshima,Goalkeeper,188.0,40.0,0,0.0,0.0,0.0,0.0,0.0,0.0,0,153,26,5,0,1000000
8861,Urawa Red Diamonds,Goalkeeper,183.0,36.0,23,0.0,0.0,0.0,0.0,0.651544402,0.521235521,2072,91,13,11,300000,2000000
8862,Urawa Red Diamonds,Goalkeeper,190.0,20.0,4,0.0,0.0,0.0,0.0,0.5,0.5,360,0,0,4,275000,300000
8863,Urawa Red Diamonds,Goalkeeper,193.0,29.0,1,0.0,0.0,0.0,0.0,0.0,3.214285714,28,247,23,1,250000,350000
8864,Urawa Red Diamonds,Goalkeeper,185.0,26.0,0,0.0,0.0,0.0,0.0,0.0,0.0,0,77,18,0,175000,200000
8892,Gamba Osaka,Goalkeeper,190.0,22.0,10,0.0,0.0,0.0,0.0,2.1,0.1,900,139,26,1,850000,850000
8893,Gamba Osaka,Goalkeeper,184.0,37.0,7,0.0,0.0,0.0,0.0,1.714285714,0.0,630,678,92,5,200000,1450000
8894,Gamba Osaka,Goalkeeper,185.0,30.0,0,0.0,0.0,0.0,0.0,0.0,0.0,0,0,0,0,100000,100000
8895,Gamba Osaka,Goalkeeper,194.0,18.0,6,0.0,0.333333333,0.0,0.0,1.333333333,0.333333333,540,0,0,0,0,0
8925,Al-Shabab Club (Riyadh),Goalkeeper,187.0,32.0,33,0.0,0.03,0.0,0.0,1.08,0.36,3000,74,12,4,900000,1250000
8926,Al-Shabab Club (Riyadh),Goalkeeper,188.0,26.0,1,0.0,0.0,0.0,0.0,0.0,1.0,90,0,0,0,150000,550000
8927,Al-Shabab Club (Riyadh),Goalkeeper,185.0,31.0,36,0.0,0.056197315,0.0,0.0,1.067748985,0.421479863,3203,179,13,3,175000,850000
8928,Al-Shabab Club (Riyadh),Goalkeeper,184.0,34.0,3,0.0,0.576923077,0.0,0.0,0.0,1.730769231,156,0,0,2,75000,550000
8960,Ettifaq FC,Goalkeeper,184.0,32.0,3,0.0,0.0,0.0,0.0,1.333333333,0.333333333,270,0,0,2,75000,250000
8961,Ettifaq FC,Goalkeeper,187.0,36.0,61,0.0,0.0,0.016393443,0.0,1.295081967,0.31147541,5490,15,4,4,100000,4500000
8962,Ettifaq FC,Goalkeeper,185.0,35.0,0,0.0,0.0,0.0,0.0,0.0,0.0,0,0,0,0,50000,250000
8963,Ettifaq FC,Goalkeeper,186.0,27.0,0,0.0,0.0,0.0,0.0,0.0,0.0,0,0,0,0,0,0
8964,Ettifaq FC,Goalkeeper,181.2403529,18.0,0,0.0,0.0,0.0,0.0,0.0,0.0,0,0,0,0,0,25000
8991,Al-Taawoun FC,Goalkeeper,188.0,26.0,3,0.0,0.38961039,0.0,0.0,0.779220779,0.38961039,231,0,0,0,100000,100000
8992,Al-Taawoun FC,Goalkeeper,172.0,27.0,0,0.0,0.0,0.0,0.0,0.0,0.0,0,0,0,0,0,75000
8993,Al-Taawoun FC,Goalkeeper,179.0,23.0,2,0.0,0.0,0.0,0.0,0.5,0.5,180,0,0,0,25000,25000
9028,Al-Wehda FC,Goalkeeper,186.0,26.0,9,0.0,0.0,0.0,0.0,1.666666667,0.111111111,810,0,0,0,150000,150000
9029,Al-Wehda FC,Goalkeeper,188.0,33.0,0,0.0,0.0,0.0,0.0,0.0,0.0,0,0,0,1,25000,150000
9062,Damac FC,Goalkeeper,190.0,32.0,54,0.0,0.185185185,0.0,0.0,1.388888889,0.296296296,4860,54,6,1,600000,875000
9063,Damac FC,Goalkeeper,186.0,24.0,7,0.0,0.0,0.0,0.0,2.142857143,0.142857143,630,0,0,0,50000,75000
9064,Damac FC,Goalkeeper,178.0,25.0,0,0.0,0.0,0.0,0.0,0.0,0.0,0,0,0,7,0,0
9065,Damac FC,Goalkeeper,184.0,22.0,0,0.0,0.0,0.0,0.0,0.0,0.0,0,0,0,0,25000,25000
9066,Damac FC,Goalkeeper,181.2403529,26.0,1,0.0,0.0,0.0,0.0,3.0,0.0,90,0,0,0,75000,75000
9092,Al-Tai,Goalkeeper,193.0,31.0,58,0.0,0.034628703,0.0,0.017314352,1.489034244,0.225086572,5198,0,0,0,700000,700000
9093,Al-Tai,Goalkeeper,182.0,23.0,6,0.0,0.0,0.0,0.0,2.231404959,0.0,484,0,0,0,0,50000
9094,Al-Tai,Goalkeeper,180.0,25.0,7,0.0,0.142857143,0.0,0.0,2.142857143,0.142857143,630,0,0,0,75000,75000
9095,Al-Tai,Goalkeeper,181.2403529,21.0,0,0.0,0.0,0.0,0.0,0.0,0.0,0,0,0,0,0,0
9125,Al-Fayha FC,Goalkeeper,180.0,35.0,7,0.0,0.177865613,0.0,0.0,1.778656126,0.355731225,506,0,0,1,100000,450000
9126,Al-Fayha FC,Goalkeeper,196.0,39.0,65,0.0,0.137661455,0.0,0.0,0.963630184,0.38239293,5884,93,16,11,50000,2000000
9127,Al-Fayha FC,Goalkeeper,184.0,30.0,0,0.0,0.0,0.0,0.0,0.0,0.0,0,0,0,0,25000,600000
9152,Abha Club,Goalkeeper,189.0,30.0,54,0.0,0.018404908,0.0,0.0,1.490797546,0.202453988,4890,16,5,0,800000,800000
9153,Abha Club,Goalkeeper,180.0,28.0,1,0.0,0.0,0.0,0.0,0.0,2.045454545,44,0,0,0,25000,250000
9154,Abha Club,Goalkeeper,182.0,31.0,8,0.0,0.0,0.0,0.0,1.884057971,0.144927536,621,0,0,0,50000,175000
9155,Abha Club,Goalkeeper,186.0,37.0,0,0.0,0.0,0.0,0.0,0.0,0.0,0,0,0,1,25000,475000
9188,Al-Khaleej,Goalkeeper,194.0,34.0,21,0.0,0.047619048,0.0,0.0,1.619047619,0.238095238,1890,0,0,0,275000,1750000
9189,Al-Khaleej,Goalkeeper,188.0,27.0,11,0.0,0.090909091,0.0,0.0,1.363636364,0.181818182,990,0,0,0,200000,200000
9190,Al-Khaleej,Goalkeeper,181.2403529,24.0,0,0.0,0.0,0.0,0.0,0.0,0.0,0,0,0,0,25000,25000
9191,Al-Khaleej,Goalkeeper,181.2403529,18.0,0,0.0,0.0,0.0,0.0,0.0,0.0,0,0,0,0,50000,50000
9218,Al-Raed SFC,Goalkeeper,189.0,33.0,61,0.0,0.065217391,0.0,0.0,1.597826087,0.195652174,5520,229,44,4,300000,2500000
9219,Al-Raed SFC,Goalkeeper,189.0,28.0,21,0.0,0.238095238,0.0,0.0,1.285714286,0.333333333,1890,0,0,1,125000,400000
9220,Al-Raed SFC,Goalkeeper,188.0,24.0,0,0.0,0.0,0.0,0.0,0.0,0.0,0,0,0,0,0,25000
9221,Al-Raed SFC,Goalkeeper,181.0,21.0,0,0.0,0.0,0.0,0.0,0.0,0.0,0,0,0,0,25000,25000
9245,Al-Batin FC,Goalkeeper,186.0,34.0,54,0.0,0.111986727,0.018664455,0.0,1.54914973,0.24263791,4822,0,0,1,450000,5000000
9246,Al-Batin FC,Goalkeeper,175.0,28.0,2,0.0,0.5,0.0,0.0,2.0,0.0,180,0,0,0,0,25000
9247,Al-Batin FC,Goalkeeper,181.2403529,26.0,10,0.0,0.102739726,0.0,0.0,2.260273973,0.102739726,876,0,0,0,125000,125000
9248,Al-Batin FC,Goalkeeper,181.2403529,17.0,0,0.0,0.0,0.0,0.0,0.0,0.0,0,0,0,0,25000,25000
9249,Al-Batin FC,Goalkeeper,181.2403529,19.0,0,0.0,0.0,0.0,0.0,0.0,0.0,0,0,0,0,25000,25000
9286,Al-Adalah FC,Goalkeeper,190.0,35.0,61,0.0,0.016393443,0.0,0.0,1.655737705,0.213114754,5490,0,0,4,200000,500000
9287,Al-Adalah FC,Goalkeeper,187.0,27.0,0,0.0,0.0,0.0,0.0,0.0,0.0,0,0,0,0,25000,175000
9288,Al-Adalah FC,Goalkeeper,178.0,28.0,0,0.0,0.0,0.0,0.0,0.0,0.0,0,0,0,1,50000,75000
9289,Al-Adalah FC,Goalkeeper,181.0,29.0,0,0.0,0.0,0.0,0.0,0.0,0.0,0,0,0,0,25000,150000
9319,Al-Ittihad Club (Jeddah),Goalkeeper,188.0,36.0,66,0.0,0.060504202,0.0,0.0,0.695798319,0.484033613,5950,0,0,6,500000,5000000
9320,Al-Ittihad Club (Jeddah),Goalkeeper,183.0,32.0,1,0.0,0.0,0.0,0.0,0.0,2.571428571,35,14,2,5,50000,725000
9321,Al-Ittihad Club (Jeddah),Goalkeeper,181.2403529,19.0,0,0.0,0.0,0.0,0.0,0.0,0.0,0,0,0,1,25000,25000
9350,Al-Fateh SC,Goalkeeper,187.0,29.0,62,0.0,0.016085791,0.0,0.0,1.415549598,0.321715818,5595,13,3,1,700000,1000000
9351,Al-Fateh SC,Goalkeeper,191.0,26.0,1,0.0,0.0,0.0,0.0,9.0,0.0,10,0,0,0,50000,50000
9352,Al-Fateh SC,Goalkeeper,184.0,37.0,27,0.0,0.040124833,0.0,0.040124833,1.043245653,0.441373161,2243,0,0,1,25000,575000
9375,Al-Hilal Saudi FC,Goalkeeper,185.0,31.0,17,0.0,0.0,0.0,0.0,1.575757576,0.181818182,1485,155,22,2,550000,2800000
9376,Al-Hilal Saudi FC,Goalkeeper,189.0,36.0,77,0.0,0.038135593,0.0,0.0,0.915254237,0.394067797,7080,30,5,19,50000,750000
9377,Al-Hilal Saudi FC,Goalkeeper,183.0,26.0,2,0.0,0.5,0.0,0.0,1.0,0.5,180,0,0,3,75000,450000
9378,Al-Hilal Saudi FC,Goalkeeper,181.2403529,21.0,1,0.0,0.0,0.0,0.0,4.090909091,0.0,44,0,0,0,25000,25000
9409,Al-Nassr FC,Goalkeeper,186.0,23.0,23,0.0,0.086956522,0.0,0.0,0.739130435,0.391304348,2070,0,0,1,600000,600000
9410,Al-Nassr FC,Goalkeeper,194.0,26.0,11,0.0,0.0,0.0,0.0,1.384615385,0.461538462,780,0,0,0,75000,175000
9411,Al-Nassr FC,Goalkeeper,196.0,37.0,22,0.0,0.049207217,0.0,0.0,1.082558775,0.393657736,1829,225,16,7,25000,775000
9436,Suwon Samsung Bluewings,Goalkeeper,186.0,31.0,17,0.0,0.0,0.0,0.0,1.764705882,0.117647059,1530,45,9,3,450000,500000
9437,Suwon Samsung Bluewings,Goalkeeper,189.0,23.0,1,0.0,0.0,0.0,0.0,0.0,1.058823529,85,0,0,1,100000,150000
9438,Suwon Samsung Bluewings,Goalkeeper,187.0,25.0,0,0.0,0.0,0.0,0.0,0.0,0.0,0,0,0,0,100000,100000
9439,Suwon Samsung Bluewings,Goalkeeper,192.0,24.0,0,0.0,0.0,0.0,0.0,0.0,0.0,0,0,0,0,75000,75000
9474,Jeju United,Goalkeeper,189.0,28.0,18,0.0,0.0,0.0,0.0,1.277777778,0.333333333,1620,661,62,1,600000,600000
9475,Jeju United,Goalkeeper,188.0,29.0,1,0.0,0.0,0.0,0.0,3.0,0.0,90,0,0,0,200000,400000
9476,Jeju United,Goalkeeper,187.0,36.0,0,0.0,0.0,0.0,0.0,0.0,0.0,0,0,0,1,100000,250000
9477,Jeju United,Goalkeeper,181.2403529,19.0,0,0.0,0.0,0.0,0.0,0.0,0.0,0,0,0,0,75000,75000
9506,Incheon United,Goalkeeper,186.0,26.0,6,0.0,0.0,0.0,0.0,2.0,0.166666667,540,35,5,0,450000,450000
9507,Incheon United,Goalkeeper,188.0,28.0,6,0.0,0.0,0.0,0.0,1.166666667,0.333333333,540,0,0,0,325000,450000
9508,Incheon United,Goalkeeper,187.0,23.0,5,0.0,0.0,0.0,0.0,0.8,0.4,450,176,37,0,125000,125000
9509,Incheon United,Goalkeeper,188.0,22.0,0,0.0,0.0,0.0,0.0,0.0,0.0,0,0,0,0,75000,75000
9544,Gangwon FC,Goalkeeper,194.0,34.0,13,0.0,0.0,0.0,0.0,1.307692308,0.076923077,1170,7,0,2,425000,800000
9545,Gangwon FC,Goalkeeper,184.0,25.0,4,0.0,0.0,0.0,0.0,3.941605839,0.656934307,137,7,0,0,225000,350000
9546,Gangwon FC,Goalkeeper,184.0,23.0,4,0.0,0.0,0.0,0.0,1.0,0.5,360,265,32,0,200000,300000
9547,Gangwon FC,Goalkeeper,193.0,20.0,12,0.0,0.0,0.0,0.0,1.736040609,0.091370558,985,0,0,0,50000,50000
9587,Daejeon Hana Citizen,Goalkeeper,186.0,29.0,18,0.0,0.055555556,0.0,0.0,1.666666667,0.166666667,1620,0,0,1,450000,750000
9588,Daejeon Hana Citizen,Goalkeeper,186.0,25.0,0,0.0,0.0,0.0,0.0,0.0,0.0,0,364,2,0,225000,250000
9589,Daejeon Hana Citizen,Goalkeeper,190.0,34.0,0,0.0,0.0,0.0,0.0,0.0,0.0,0,155,2,1,200000,600000
9590,Daejeon Hana Citizen,Goalkeeper,186.0,22.0,1,0.0,0.0,0.0,0.0,2.0,0.0,90,0,0,0,50000,50000
9591,Daejeon Hana Citizen,Goalkeeper,189.0,20.0,7,0.0,0.0,0.0,0.0,2.571428571,0.142857143,630,0,0,0,50000,50000
9633,Gwangju FC,Goalkeeper,190.0,31.0,14,0.0,0.072463768,0.0,0.0,1.086956522,0.434782609,1242,0,0,1,425000,425000
9634,Gwangju FC,Goalkeeper,188.0,25.0,5,0.0,0.238095238,0.0,0.0,1.666666667,0.238095238,378,0,0,1,250000,275000
9635,Gwangju FC,Goalkeeper,194.0,20.0,0,0.0,0.0,0.0,0.0,0.0,0.0,0,0,0,1,75000,75000
9636,Gwangju FC,Goalkeeper,185.0,21.0,0,0.0,0.0,0.0,0.0,0.0,0.0,0,0,0,0,50000,50000
9666,Daegu FC,Goalkeeper,192.0,34.0,13,0.0,0.075949367,0.0,0.0,1.063291139,0.379746835,1185,0,0,1,400000,650000
9667,Daegu FC,Goalkeeper,189.0,27.0,14,0.0,0.074135091,0.0,0.0,1.037891269,0.444810544,1214,0,0,1,300000,450000
9668,Daegu FC,Goalkeeper,192.0,29.0,5,0.0,0.0,0.0,0.0,1.086956522,0.434782609,414,0,0,1,100000,200000
9669,Daegu FC,Goalkeeper,196.0,18.0,11,0.0,0.0,0.0,0.0,1.174377224,0.427046263,843,0,0,0,50000,50000
9670,Daegu FC,Goalkeeper,193.0,19.0,2,0.0,0.0,0.0,0.0,1.956521739,0.0,92,0,0,0,50000,50000
9708,Suwon FC,Goalkeeper,191.0,31.0,12,0.0,0.0,0.0,0.0,2.0,0.166666667,1080,93,7,2,325000,600000
9709,Suwon FC,Goalkeeper,185.0,33.0,4,0.0,0.0,0.0,0.0,2.5,0.0,360,62,5,2,275000,450000
9710,Suwon FC,Goalkeeper,197.0,34.0,2,0.0,0.0,0.0,0.0,1.0,0.5,180,212,30,4,200000,600000
9711,Suwon FC,Goalkeeper,183.0,22.0,0,0.0,0.0,0.0,0.0,0.0,0.0,0,0,0,0,50000,50000
9744,Pohang Steelers,Goalkeeper,189.0,31.0,0,0.0,0.0,0.0,0.0,0.0,0.0,0,186,21,2,350000,550000
9745,Pohang Steelers,Goalkeeper,187.0,29.0,17,0.0,0.0,0.0,0.0,1.176470588,0.294117647,1530,71,11,1,250000,300000
9746,Pohang Steelers,Goalkeeper,189.0,25.0,0,0.0,0.0,0.0,0.0,0.0,0.0,0,0,0,0,100000,150000
9747,Pohang Steelers,Goalkeeper,186.0,20.0,0,0.0,0.0,0.0,0.0,0.0,0.0,0,0,0,1,75000,75000
9780,FC Seoul,Goalkeeper,194.0,28.0,5,0.0,0.0,0.0,0.0,0.8,0.4,450,0,0,1,425000,425000
9781,FC Seoul,Goalkeeper,190.0,22.0,12,0.0,0.083333333,0.0,0.0,1.333333333,0.166666667,1080,213,27,0,200000,200000
9782,FC Seoul,Goalkeeper,188.0,31.0,0,0.0,0.0,0.0,0.0,0.0,0.0,0,0,0,2,150000,300000
9783,FC Seoul,Goalkeeper,190.0,23.0,0,0.0,0.0,0.0,0.0,0.0,0.0,0,0,0,1,75000,75000
9825,Jeonbuk Hyundai Motors,Goalkeeper,190.0,27.0,3,0.0,0.0,0.0,0.0,1.0,0.333333333,270,0,0,0,500000,500000
9826,Jeonbuk Hyundai Motors,Goalkeeper,188.0,22.0,14,0.0,0.071428571,0.0,0.0,0.785714286,0.428571429,1260,14,3,4,200000,200000
9827,Jeonbuk Hyundai Motors,Goalkeeper,190.0,22.0,0,0.0,0.0,0.0,0.0,0.0,0.0,0,0,0,0,50000,50000
9828,Jeonbuk Hyundai Motors,Goalkeeper,191.0,18.0,7,0.0,0.285714286,0.0,0.0,1.142857143,0.285714286,630,0,0,0,50000,50000
9829,Jeonbuk Hyundai Motors,Goalkeeper,186.0,22.0,6,0.0,0.0,0.0,0.0,1.821862348,0.0,494,0,0,0,50000,50000
9872,Ulsan Hyundai,Goalkeeper,187.0,36.0,1,0.0,0.0,0.0,0.0,0.0,1.0,90,0,0,6,175000,300000
9873,Ulsan Hyundai,Goalkeeper,190.0,21.0,0,0.0,0.0,0.0,0.0,0.0,0.0,0,0,0,1,100000,100000
9874,Ulsan Hyundai,Goalkeeper,188.0,22.0,0,0.0,0.0,0.0,0.0,0.0,0.0,0,0,0,1,100000,100000
9902,Sekhukhune United FC,Goalkeeper,183.0,29.0,34,0.0,0.089167768,0.0,0.0,0.832232497,0.386393659,3028,0,0,0,550000,550000
9903,Sekhukhune United FC,Goalkeeper,181.0,37.0,24,0.0,0.082191781,0.0,0.0,0.780821918,0.493150685,2190,0,0,1,75000,500000
9904,Sekhukhune United FC,Goalkeeper,181.2403529,27.0,3,0.0,0.0,0.0,0.0,2.213114754,0.737704918,122,0,0,0,50000,50000
9936,AmaZulu FC,Goalkeeper,182.0,27.0,27,0.0,0.039113429,0.0,0.0,1.173402868,0.312907432,2301,0,0,2,425000,425000
9937,AmaZulu FC,Goalkeeper,180.0,32.0,66,0.0,0.091370558,0.0,0.0,0.868020305,0.38071066,5910,0,0,0,300000,400000
9938,AmaZulu FC,Goalkeeper,181.2403529,22.0,0,0.0,0.0,0.0,0.0,0.0,0.0,0,0,0,0,50000,50000
9968,Lamontville Golden Arrows,Goalkeeper,176.0,29.0,28,0.0,0.072173216,0.0,0.0,0.757818765,0.288692863,2494,0,0,0,550000,550000
9969,Lamontville Golden Arrows,Goalkeeper,185.0,26.0,29,0.0,0.034937888,0.0,0.0,0.908385093,0.244565217,2576,0,0,0,550000,550000
9970,Lamontville Golden Arrows,Goalkeeper,189.0,34.0,4,0.0,0.0,0.0,0.0,1.0,0.5,360,93,9,0,75000,450000
9995,Stellenbosch FC,Goalkeeper,187.0,32.0,52,0.0,0.179401993,0.0,0.019933555,1.03654485,0.318936877,4515,0,0,1,200000,450000
9996,Stellenbosch FC,Goalkeeper,180.0,36.0,11,0.0,0.098901099,0.0,0.0,0.989010989,0.395604396,910,22,2,0,75000,175000
9997,Stellenbosch FC,Goalkeeper,181.0,25.0,0,0.0,0.0,0.0,0.0,0.0,0.0,0,650,66,0,25000,25000
9998,Stellenbosch FC,Goalkeeper,182.0,26.0,1,0.0,0.0,0.0,0.0,0.0,1.0,90,0,0,0,50000,50000
10022,Swallows FC,Goalkeeper,186.0,36.0,20,0.0,0.05,0.0,0.0,0.6,0.5,1800,18,1,0,200000,750000
10023,Swallows FC,Goalkeeper,190.0,27.0,24,0.0,0.041666667,0.0,0.0,1.166666667,0.25,2160,0,0,0,350000,350000
10024,Swallows FC,Goalkeeper,177.0,25.0,4,0.0,0.0,0.0,0.0,1.5,0.0,360,0,0,0,175000,175000
10025,Swallows FC,Goalkeeper,177.0,34.0,8,0.0,0.140625,0.0,0.0,1.546875,0.140625,640,277,1,3,25000,275000
10026,Swallows FC,Goalkeeper,181.2403529,26.04190334,0,0.0,0.0,0.0,0.0,0.0,0.0,0,0,0,0,25000,25000
10062,Maritzburg United FC,Goalkeeper,184.0,30.0,24,0.0,0.134194831,0.0,0.0,0.984095427,0.357852883,2012,0,0,0,375000,375000
10063,Maritzburg United FC,Goalkeeper,189.0,27.0,4,0.0,0.0,0.0,0.0,2.0,0.25,360,0,0,0,150000,150000
10064,Maritzburg United FC,Goalkeeper,187.0,25.0,15,0.0,0.203773585,0.0,0.0,1.086792453,0.339622642,1325,0,0,0,150000,150000
10098,Royal AM FC,Goalkeeper,180.0,24.0,7,0.0,0.182555781,0.0,0.0,1.460446247,0.365111562,493,230,13,0,150000,150000
10099,Royal AM FC,Goalkeeper,183.0,37.0,45,0.0,0.022601708,0.0,0.0,0.994475138,0.384229031,3982,84,8,0,0,0
10100,Royal AM FC,Goalkeeper,181.0,29.0,17,0.0,0.130909091,0.0,0.0,1.636363636,0.261818182,1375,0,0,0,25000,75000
10138,TS Galaxy FC,Goalkeeper,193.0,25.0,32,0.0,0.095710741,0.0,0.0,0.733782347,0.542360865,2821,80,11,0,750000,750000
10139,TS Galaxy FC,Goalkeeper,194.0,28.0,21,0.0,0.048413125,0.0,0.0,1.113501883,0.338891877,1859,0,0,0,200000,200000
10140,TS Galaxy FC,Goalkeeper,181.0,33.0,4,0.0,0.0,0.0,0.0,2.25,0.0,360,0,0,0,50000,175000
10165,Richards Bay FC,Goalkeeper,181.2403529,28.0,27,0.0,0.038151759,0.0,0.038151759,0.801186944,0.457821111,2359,0,0,0,650000,650000
10166,Richards Bay FC,Goalkeeper,185.0,27.0,5,0.0,0.0,0.0,0.0,1.264637002,0.632318501,427,0,0,0,125000,200000
10167,Richards Bay FC,Goalkeeper,181.2403529,33.0,2,0.0,0.5,0.0,0.0,2.5,0.0,180,0,0,0,50000,125000
10168,Richards Bay FC,Goalkeeper,181.2403529,20.0,0,0.0,0.0,0.0,0.0,0.0,0.0,0,0,0,0,25000,25000
10198,Marumo Gallants FC,Goalkeeper,181.2403529,28.0,14,0.0,0.0,0.0,0.0,1.357142857,0.285714286,1260,16,4,0,275000,275000
10199,Marumo Gallants FC,Goalkeeper,180.0,37.0,65,0.0,0.046343975,0.0,0.0,1.096807415,0.308959835,5826,0,0,1,50000,375000
10200,Marumo Gallants FC,Goalkeeper,181.2403529,27.0,2,0.0,0.0,0.0,0.0,1.818181818,0.909090909,99,0,0,1,25000,50000
10237,Cape Town City FC,Goalkeeper,183.0,33.0,35,0.0,0.113207547,0.0,0.0,0.877358491,0.396226415,3180,292,34,2,175000,1200000
10238,Cape Town City FC,Goalkeeper,180.0,30.0,0,0.0,1.0,0.0,0.0,0.0,0.0,0,0,0,0,75000,200000
10239,Cape Town City FC,Goalkeeper,181.2403529,19.0,0,0.0,0.0,0.0,0.0,0.0,0.0,0,0,0,0,50000,50000
10265,Orlando Pirates,Goalkeeper,190.0,29.0,32,0.0,0.187826087,0.0,0.0,0.626086957,0.43826087,2875,314,48,1,900000,1000000
10266,Orlando Pirates,Goalkeeper,181.2403529,26.0,24,0.0,0.12,0.0,0.0,0.8,0.28,2250,0,0,0,400000,400000
10267,Orlando Pirates,Goalkeeper,175.0,23.0,0,0.0,0.0,0.0,0.0,0.0,0.0,0,0,0,0,25000,50000
10268,Orlando Pirates,Goalkeeper,183.0,37.0,32,0.0,0.031858407,0.0,0.0,0.828318584,0.477876106,2825,82,12,1,25000,300000
10298,SuperSport United,Goalkeeper,181.0,29.0,26,0.0,0.079893475,0.0,0.039946738,0.758988016,0.439414115,2253,0,0,4,650000,650000
10299,SuperSport United,Goalkeeper,195.0,32.0,6,0.0,0.0,0.0,0.0,0.833333333,0.333333333,540,57,5,1,200000,550000
10300,SuperSport United,Goalkeeper,178.0,33.0,8,0.0,0.0,0.0,0.0,1.357466063,0.407239819,663,0,0,2,50000,150000
10301,SuperSport United,Goalkeeper,181.2403529,22.0,0,0.0,0.0,0.0,0.0,0.0,0.0,0,0,0,0,25000,25000
10329,Chippa United,Goalkeeper,181.2403529,22.0,2,0.0,0.0,0.0,0.0,3.529411765,0.0,153,0,0,0,50000,50000
10330,Chippa United,Goalkeeper,196.0,26.0,31,0.0,0.130198915,0.0,0.0,1.171790235,0.227848101,2765,0,0,1,100000,100000
10331,Chippa United,Goalkeeper,181.2403529,27.0,0,0.0,0.0,0.0,0.0,0.0,0.0,0,0,0,1,25000,25000
10332,Chippa United,Goalkeeper,188.0,34.0,32,0.0,0.063897764,0.0,0.0,0.958466454,0.319488818,2817,11,1,0,25000,150000
10366,Mamelodi Sundowns FC,Goalkeeper,185.0,38.0,28,0.0,0.035363458,0.0,0.035363458,0.530451866,0.565815324,2545,188,36,16,350000,1000000
10367,Mamelodi Sundowns FC,Goalkeeper,192.0,31.0,11,0.0,0.09118541,0.0,0.0,0.729483283,0.455927052,987,21,5,12,50000,400000
10368,Mamelodi Sundowns FC,Goalkeeper,186.0,38.0,11,0.0,0.193340494,0.0,0.0,0.870032223,0.580021482,931,31,5,15,25000,550000
10403,Kaizer Chiefs,Goalkeeper,185.0,28.0,27,0.0,0.112876254,0.0,0.0,0.940635452,0.451505017,2392,443,41,0,450000,450000
10404,Kaizer Chiefs,Goalkeeper,186.0,28.0,12,0.0,0.166666667,0.0,0.0,1.166666667,0.25,1080,0,0,0,350000,350000
10405,Kaizer Chiefs,Goalkeeper,181.0,35.0,14,0.0,0.070977918,0.0,0.0,1.206624606,0.141955836,1268,674,86,8,75000,1250000
10406,Kaizer Chiefs,Goalkeeper,190.0,20.0,0,0.0,0.0,0.0,0.0,0.0,0.0,0,0,0,0,50000,50000
10435,Melbourne Victory,Goalkeeper,185.0,28.0,48,0.0,0.063157895,0.0,0.0,0.884210526,0.505263158,4275,73,11,2,300000,500000
10436,Melbourne Victory,Goalkeeper,184.0,30.0,9,0.0,0.0,0.0,0.0,1.821428571,0.0,840,64,9,4,200000,250000
10437,Melbourne Victory,Goalkeeper,188.0,20.0,0,0.0,0.0,0.0,0.0,0.0,0.0,0,0,0,1,50000,50000
10462,Western United FC,Goalkeeper,180.0,37.0,58,0.0,0.034582133,0.0,0.0,1.400576369,0.276657061,5205,0,0,1,300000,500000
10463,Western United FC,Goalkeeper,184.0,27.0,1,0.0,0.0,0.0,0.0,0.0,2.045454545,44,0,0,1,200000,250000
10489,Newcastle United Jets,Goalkeeper,189.0,30.0,36,0.0,0.111111111,0.0,0.0,1.666666667,0.194444444,3240,0,0,0,300000,700000
10490,Newcastle United Jets,Goalkeeper,200.0,26.0,17,0.0,0.0,0.0,0.0,1.764705882,0.117647059,1530,0,0,0,150000,150000
10491,Newcastle United Jets,Goalkeeper,189.0,22.0,0,0.0,0.0,0.0,0.0,0.0,0.0,0,0,0,0,100000,200000
10511,Perth Glory,Goalkeeper,188.0,21.0,24,0.0,0.042573321,0.0,0.0,1.575212867,0.170293283,2114,0,0,0,250000,250000
10512,Perth Glory,Goalkeeper,194.0,41.0,5,0.0,0.0,0.0,0.0,1.6,0.2,450,751,91,9,100000,2000000
10513,Perth Glory,Goalkeeper,181.2403529,25.0,1,0.0,0.0,0.0,0.0,2.0,0.0,90,0,0,0,0,150000
10544,Macarthur FC,Goalkeeper,192.0,31.0,51,0.0,0.039964476,0.0,0.019982238,1.638543517,0.259769094,4504,320,34,2,500000,800000
10545,Macarthur FC,Goalkeeper,197.0,23.0,8,0.0,0.144230769,0.0,0.0,2.163461538,0.288461538,624,0,0,1,200000,250000
10546,Macarthur FC,Goalkeeper,181.2403529,18.0,14,0.0,0.0,0.0,0.0,2.0,0.142857143,1260,0,0,0,25000,25000
10571,Brisbane Roar,Goalkeeper,188.0,26.0,37,0.0,0.055641422,0.0,0.055641422,1.335394127,0.27820711,3235,47,2,0,250000,250000
10572,Brisbane Roar,Goalkeeper,193.0,24.0,21,0.0,0.048361096,0.0,0.0,1.499193982,0.241805481,1861,0,0,0,150000,150000
10573,Brisbane Roar,Goalkeeper,181.2403529,18.0,0,0.0,0.0,0.0,0.0,0.0,0.0,0,0,0,0,25000,25000
10574,Brisbane Roar,Goalkeeper,181.2403529,26.04190334,0,0.0,0.0,0.0,0.0,0.0,0.0,0,0,0,0,0,0
10601,Central Coast Mariners,Goalkeeper,187.0,38.0,33,0.0,0.090909091,0.0,0.0,1.242424242,0.181818182,2970,381,38,5,150000,1200000
10602,Central Coast Mariners,Goalkeeper,189.0,26.0,2,0.0,0.0,0.0,0.0,1.888111888,0.629370629,143,30,3,1,50000,50000
10625,Wellington Phoenix,Goalkeeper,197.0,27.0,55,0.0,0.092081031,0.0,0.0,1.67587477,0.202578269,4887,46,4,3,700000,700000
10626,Wellington Phoenix,Goalkeeper,183.0,20.0,4,0.0,0.0,0.0,0.0,2.702702703,0.0,333,0,0,1,150000,150000
10648,Melbourne City FC,Goalkeeper,196.0,25.0,64,0.0,0.077720207,0.0,0.0,1.212435233,0.264248705,5790,0,0,2,750000,800000
10649,Melbourne City FC,Goalkeeper,194.0,23.0,2,0.0,0.0,0.0,0.0,1.5,0.0,180,0,0,2,150000,150000
10650,Melbourne City FC,Goalkeeper,181.2403529,19.0,0,0.0,0.0,0.0,0.0,0.0,0.0,0,0,0,0,25000,25000
10674,Sydney FC,Goalkeeper,194.0,34.0,55,0.0,0.036144578,0.0,0.0,1.481927711,0.198795181,4980,0,0,6,500000,800000
10675,Sydney FC,Goalkeeper,192.0,26.0,10,0.0,0.1,0.0,0.0,1.8,0.1,900,0,0,4,150000,200000
10676,Sydney FC,Goalkeeper,189.0,20.0,18,0.0,0.055555556,0.0,0.0,1.555555556,0.222222222,1620,0,0,0,100000,100000
10697,Adelaide United,Goalkeeper,194.0,22.0,54,0.0,0.074119827,0.0,0.018529957,1.445336628,0.203829524,4857,0,0,0,450000,450000
10698,Adelaide United,Goalkeeper,188.0,23.0,6,0.0,0.0,0.0,0.0,1.122661123,0.374220374,481,209,25,0,250000,350000
10699,Adelaide United,Goalkeeper,181.2403529,19.0,0,0.0,0.0,0.0,0.0,0.0,0.0,0,0,0,0,50000,50000
10700,Adelaide United,Goalkeeper,187.0,18.0,3,0.0,0.0,0.0,0.0,1.706161137,0.426540284,211,0,0,0,50000,50000
10727,Western Sydney Wanderers,Goalkeeper,191.0,31.0,51,0.0,0.019607843,0.0,0.0,1.431372549,0.254901961,4590,0,0,2,500000,1000000
10728,Western Sydney Wanderers,Goalkeeper,187.0,25.0,14,0.0,0.142857143,0.0,0.071428571,1.285714286,0.285714286,1260,0,0,1,300000,400000
